model,account,type,distance
gemini-1.5-flash-002,0l8LGCOE0BO1WFOe2b7RdKTBiGhPWYgr53kOLA==,PoT,38.262252939417984
gemini-1.5-flash-002,0l8LGCOE0BO1WFOe2b7RdKTBiGhPWYgr53kOLA==,PoT,39.293765408777
gemini-1.5-flash-002,0l8LGCOE0BO1WFOe2b7RdKTBiGhPWYgr53kOLA==,PoT,38.262252939417984
gemini-1.5-flash-002,0l8LGCOE0BO1WFOe2b7RdKTBiGhPWYgr53kOLA==,PoT,38.34057902536163
gemini-1.5-flash-002,0l8LGCOE0BO1WFOe2b7RdKTBiGhPWYgr53kOLA==,PoT,38.0
gemini-1.5-flash-002,0l8LGCOE0BO1WFOe2b7RdKTBiGhPWYgr53kOLA==,PoT,39.293765408777
gemini-1.5-flash-002,0l8LGCOE0BO1WFOe2b7RdKTBiGhPWYgr53kOLA==,PoT,38.262252939417984
gemini-1.5-flash-002,0l8LGCOE0BO1WFOe2b7RdKTBiGhPWYgr53kOLA==,PoT,38.262252939417984
gemini-1.5-flash-002,0l8LGCOE0BO1WFOe2b7RdKTBiGhPWYgr53kOLA==,PoT,38.262252939417984
gemini-1.5-flash-002,0l8LGCOE0BO1WFOe2b7RdKTBiGhPWYgr53kOLA==,PoT,39.293765408777
gemini-1.5-flash-002,0l8LGCOE0BO1WFOe2b7RdKTBiGhPWYgr53kOLA==,PoT,38.262252939417984
gemini-1.5-flash-002,0l8LGCOE0BO1WFOe2b7RdKTBiGhPWYgr53kOLA==,PoT,39.293765408777
gemini-1.5-flash-002,0l8LGCOE0BO1WFOe2b7RdKTBiGhPWYgr53kOLA==,PoT,38.262252939417984
gemini-1.5-flash-002,0l8LGCOE0BO1WFOe2b7RdKTBiGhPWYgr53kOLA==,PoT,38.262252939417984
gemini-1.5-flash-002,0l8LGCOE0BO1WFOe2b7RdKTBiGhPWYgr53kOLA==,PoT,38.262252939417984
gemini-1.5-flash-002,0l8LGCOE0BO1WFOe2b7RdKTBiGhPWYgr53kOLA==,PoT,39.293765408777
gemini-1.5-flash-002,0l8LGCOE0BO1WFOe2b7RdKTBiGhPWYgr53kOLA==,PoT,38.262252939417984
gemini-1.5-flash-002,0l8LGCOE0BO1WFOe2b7RdKTBiGhPWYgr53kOLA==,PoT,39.293765408777
gemini-1.5-flash-002,0l8LGCOE0BO1WFOe2b7RdKTBiGhPWYgr53kOLA==,PoT,39.293765408777
gemini-1.5-flash-002,0l8LGCOE0BO1WFOe2b7RdKTBiGhPWYgr53kOLA==,PoT,39.293765408777
gemini-1.5-flash-002,0l8LGCOE0BO1WFOe2b7RdKTBiGhPWYgr53kOLA==,PoT,38.262252939417984
gemini-1.5-flash-002,0l8LGCOE0BO1WFOe2b7RdKTBiGhPWYgr53kOLA==,PoT,39.293765408777
gemini-1.5-flash-002,0l8LGCOE0BO1WFOe2b7RdKTBiGhPWYgr53kOLA==,PoT,38.262252939417984
gemini-1.5-flash-002,0l8LGCOE0BO1WFOe2b7RdKTBiGhPWYgr53kOLA==,PoT,39.293765408777
gemini-1.5-flash-002,0l8LGCOE0BO1WFOe2b7RdKTBiGhPWYgr53kOLA==,PoT,38.262252939417984
gemini-1.5-flash-002,0l8LGCOE0BO1WFOe2b7RdKTBiGhPWYgr53kOLA==,PoT,39.293765408777
gemini-1.5-flash-002,0l8LGCOE0BO1WFOe2b7RdKTBiGhPWYgr53kOLA==,PoT,39.293765408777
gemini-1.5-flash-002,0l8LGCOE0BO1WFOe2b7RdKTBiGhPWYgr53kOLA==,PoT,38.262252939417984
gemini-1.5-flash-002,0l8LGCOE0BO1WFOe2b7RdKTBiGhPWYgr53kOLA==,PoT,39.293765408777
gemini-1.5-flash-002,0l8LGCOE0BO1WFOe2b7RdKTBiGhPWYgr53kOLA==,PoT,38.948684188300895
gemini-1.5-flash-002,0l8LGCOE0BO1WFOe2b7RdKTBiGhPWYgr53kOLA==,PoT,39.293765408777
gemini-1.5-flash-002,0l8LGCOE0BO1WFOe2b7RdKTBiGhPWYgr53kOLA==,PoT,38.0
gemini-1.5-flash-002,0l8LGCOE0BO1WFOe2b7RdKTBiGhPWYgr53kOLA==,PoT,38.262252939417984
gemini-1.5-flash-002,0l8LGCOE0BO1WFOe2b7RdKTBiGhPWYgr53kOLA==,PoT,39.293765408777
gemini-1.5-flash-002,0l8LGCOE0BO1WFOe2b7RdKTBiGhPWYgr53kOLA==,PoT,39.293765408777
gemini-1.5-flash-002,0l8LGCOE0BO1WFOe2b7RdKTBiGhPWYgr53kOLA==,PoT,38.262252939417984
gemini-1.5-flash-002,0l8LGCOE0BO1WFOe2b7RdKTBiGhPWYgr53kOLA==,PoT,39.293765408777
gemini-1.5-flash-002,0l8LGCOE0BO1WFOe2b7RdKTBiGhPWYgr53kOLA==,PoT,38.262252939417984
gemini-1.5-flash-002,0l8LGCOE0BO1WFOe2b7RdKTBiGhPWYgr53kOLA==,PoT,39.293765408777
gemini-1.5-flash-002,0l8LGCOE0BO1WFOe2b7RdKTBiGhPWYgr53kOLA==,PoT,38.262252939417984
gemini-1.5-flash-002,0l8LGCOE0BO1WFOe2b7RdKTBiGhPWYgr53kOLA==,PoT,39.293765408777
gemini-1.5-flash-002,0l8LGCOE0BO1WFOe2b7RdKTBiGhPWYgr53kOLA==,PoT,38.262252939417984
gemini-1.5-flash-002,0l8LGCOE0BO1WFOe2b7RdKTBiGhPWYgr53kOLA==,PoT,38.262252939417984
gemini-1.5-flash-002,0l8LGCOE0BO1WFOe2b7RdKTBiGhPWYgr53kOLA==,PoT,39.293765408777
gemini-1.5-flash-002,0l8LGCOE0BO1WFOe2b7RdKTBiGhPWYgr53kOLA==,PoT,38.262252939417984
gemini-1.5-flash-002,0l8LGCOE0BO1WFOe2b7RdKTBiGhPWYgr53kOLA==,PoT,38.262252939417984
gemini-1.5-flash-002,0l8LGCOE0BO1WFOe2b7RdKTBiGhPWYgr53kOLA==,PoT,38.600518131237564
gemini-1.5-flash-002,0l8LGCOE0BO1WFOe2b7RdKTBiGhPWYgr53kOLA==,PoT,39.293765408777
gemini-1.5-flash-002,0l8LGCOE0BO1WFOe2b7RdKTBiGhPWYgr53kOLA==,PoT,39.293765408777
gemini-1.5-flash-002,0l8LGCOE0BO1WFOe2b7RdKTBiGhPWYgr53kOLA==,PoT,38.34057902536163
gemini-1.5-flash-002,0l8LGCOE0BO1WFOe2b7RdKTBiGhPWYgr53kOLA==,PoT,38.262252939417984
gemini-1.5-flash-002,0l8LGCOE0BO1WFOe2b7RdKTBiGhPWYgr53kOLA==,PoT,39.293765408777
gemini-1.5-flash-002,0l8LGCOE0BO1WFOe2b7RdKTBiGhPWYgr53kOLA==,PoT,38.262252939417984
gemini-1.5-flash-002,0l8LGCOE0BO1WFOe2b7RdKTBiGhPWYgr53kOLA==,PoT,39.293765408777
gemini-1.5-flash-002,0l8LGCOE0BO1WFOe2b7RdKTBiGhPWYgr53kOLA==,PoT,39.293765408777
gemini-1.5-flash-002,0l8LGCOE0BO1WFOe2b7RdKTBiGhPWYgr53kOLA==,PoT,39.293765408777
gemini-1.5-flash-002,0l8LGCOE0BO1WFOe2b7RdKTBiGhPWYgr53kOLA==,PoT,38.262252939417984
gemini-1.5-flash-002,0l8LGCOE0BO1WFOe2b7RdKTBiGhPWYgr53kOLA==,PoT,38.34057902536163
gemini-1.5-flash-002,0l8LGCOE0BO1WFOe2b7RdKTBiGhPWYgr53kOLA==,PoT,39.293765408777
gemini-1.5-flash-002,0l8LGCOE0BO1WFOe2b7RdKTBiGhPWYgr53kOLA==,PoT,38.262252939417984
gemini-1.5-flash-002,0l8LGCOE0BO1WFOe2b7RdKTBiGhPWYgr53kOLA==,PoT,39.293765408777
gemini-1.5-flash-002,0l8LGCOE0BO1WFOe2b7RdKTBiGhPWYgr53kOLA==,PoT,38.262252939417984
gemini-1.5-flash-002,0l8LGCOE0BO1WFOe2b7RdKTBiGhPWYgr53kOLA==,PoT,38.262252939417984
gemini-1.5-flash-002,0l8LGCOE0BO1WFOe2b7RdKTBiGhPWYgr53kOLA==,PoT,39.293765408777
gemini-1.5-flash-002,0l8LGCOE0BO1WFOe2b7RdKTBiGhPWYgr53kOLA==,PoT,39.293765408777
gemini-1.5-flash-002,0l8LGCOE0BO1WFOe2b7RdKTBiGhPWYgr53kOLA==,PoT,39.293765408777
gemini-1.5-flash-002,0l8LGCOE0BO1WFOe2b7RdKTBiGhPWYgr53kOLA==,PoT,38.262252939417984
gemini-1.5-flash-002,0l8LGCOE0BO1WFOe2b7RdKTBiGhPWYgr53kOLA==,PoT,38.34057902536163
gemini-1.5-flash-002,0l8LGCOE0BO1WFOe2b7RdKTBiGhPWYgr53kOLA==,PoT,39.293765408777
gemini-1.5-flash-002,0l8LGCOE0BO1WFOe2b7RdKTBiGhPWYgr53kOLA==,PoT,38.0
gemini-1.5-flash-002,0l8LGCOE0BO1WFOe2b7RdKTBiGhPWYgr53kOLA==,PoT,39.293765408777
gemini-1.5-flash-002,0l8LGCOE0BO1WFOe2b7RdKTBiGhPWYgr53kOLA==,PoT,38.262252939417984
gemini-1.5-flash-002,0l8LGCOE0BO1WFOe2b7RdKTBiGhPWYgr53kOLA==,PoT,38.262252939417984
gemini-1.5-flash-002,0l8LGCOE0BO1WFOe2b7RdKTBiGhPWYgr53kOLA==,PoT,39.293765408777
gemini-1.5-flash-002,0l8LGCOE0BO1WFOe2b7RdKTBiGhPWYgr53kOLA==,PoT,39.293765408777
gemini-1.5-flash-002,0l8LGCOE0BO1WFOe2b7RdKTBiGhPWYgr53kOLA==,PoT,39.293765408777
gemini-1.5-flash-002,0l8LGCOE0BO1WFOe2b7RdKTBiGhPWYgr53kOLA==,PoT,39.293765408777
gemini-1.5-flash-002,0l8LGCOE0BO1WFOe2b7RdKTBiGhPWYgr53kOLA==,PoT,39.293765408777
gemini-1.5-flash-002,0l8LGCOE0BO1WFOe2b7RdKTBiGhPWYgr53kOLA==,PoT,39.293765408777
gemini-1.5-flash-002,0l8LGCOE0BO1WFOe2b7RdKTBiGhPWYgr53kOLA==,PoT,39.293765408777
gemini-1.5-flash-002,0l8LGCOE0BO1WFOe2b7RdKTBiGhPWYgr53kOLA==,PoT,39.293765408777
gemini-1.5-flash-002,0l8LGCOE0BO1WFOe2b7RdKTBiGhPWYgr53kOLA==,PoT,39.293765408777
gemini-1.5-flash-002,0l8LGCOE0BO1WFOe2b7RdKTBiGhPWYgr53kOLA==,PoT,39.293765408777
gemini-1.5-flash-002,0l8LGCOE0BO1WFOe2b7RdKTBiGhPWYgr53kOLA==,PoT,39.293765408777
gemini-1.5-flash-002,0l8LGCOE0BO1WFOe2b7RdKTBiGhPWYgr53kOLA==,PoT,39.293765408777
gemini-1.5-flash-002,0l8LGCOE0BO1WFOe2b7RdKTBiGhPWYgr53kOLA==,PoT,38.262252939417984
gemini-1.5-flash-002,0l8LGCOE0BO1WFOe2b7RdKTBiGhPWYgr53kOLA==,PoT,39.293765408777
gemini-1.5-flash-002,0l8LGCOE0BO1WFOe2b7RdKTBiGhPWYgr53kOLA==,PoT,39.293765408777
gemini-1.5-flash-002,0l8LGCOE0BO1WFOe2b7RdKTBiGhPWYgr53kOLA==,PoT,39.293765408777
gemini-1.5-flash-002,0l8LGCOE0BO1WFOe2b7RdKTBiGhPWYgr53kOLA==,PoT,39.293765408777
gemini-1.5-flash-002,0l8LGCOE0BO1WFOe2b7RdKTBiGhPWYgr53kOLA==,PoT,39.293765408777
gemini-1.5-flash-002,0l8LGCOE0BO1WFOe2b7RdKTBiGhPWYgr53kOLA==,PoT,38.262252939417984
gemini-1.5-flash-002,0l8LGCOE0BO1WFOe2b7RdKTBiGhPWYgr53kOLA==,PoT,38.262252939417984
gemini-1.5-flash-002,0l8LGCOE0BO1WFOe2b7RdKTBiGhPWYgr53kOLA==,PoT,38.262252939417984
gemini-1.5-flash-002,0l8LGCOE0BO1WFOe2b7RdKTBiGhPWYgr53kOLA==,PoT,39.293765408777
gemini-1.5-flash-002,0l8LGCOE0BO1WFOe2b7RdKTBiGhPWYgr53kOLA==,PoT,39.293765408777
gemini-1.5-flash-002,0l8LGCOE0BO1WFOe2b7RdKTBiGhPWYgr53kOLA==,PoT,38.262252939417984
gemini-1.5-flash-002,0l8LGCOE0BO1WFOe2b7RdKTBiGhPWYgr53kOLA==,PoT,38.262252939417984
gemini-1.5-flash-002,0l8LGCOE0BO1WFOe2b7RdKTBiGhPWYgr53kOLA==,PoT,39.293765408777
gemini-1.5-flash-002,0l8LGCOE0BO1WFOe2b7RdKTBiGhPWYgr53kOLA==,PoT,39.293765408777
gemini-1.5-flash-002,2whG648zzuYtz_mexEp2R6NdZQyzat9cZEkWcQ==,PoT,38.34057902536163
gemini-1.5-flash-002,2whG648zzuYtz_mexEp2R6NdZQyzat9cZEkWcQ==,PoT,39.293765408777
gemini-1.5-flash-002,2whG648zzuYtz_mexEp2R6NdZQyzat9cZEkWcQ==,PoT,39.293765408777
gemini-1.5-flash-002,2whG648zzuYtz_mexEp2R6NdZQyzat9cZEkWcQ==,PoT,38.262252939417984
gemini-1.5-flash-002,2whG648zzuYtz_mexEp2R6NdZQyzat9cZEkWcQ==,PoT,38.262252939417984
gemini-1.5-flash-002,2whG648zzuYtz_mexEp2R6NdZQyzat9cZEkWcQ==,PoT,38.262252939417984
gemini-1.5-flash-002,2whG648zzuYtz_mexEp2R6NdZQyzat9cZEkWcQ==,PoT,38.262252939417984
gemini-1.5-flash-002,2whG648zzuYtz_mexEp2R6NdZQyzat9cZEkWcQ==,PoT,38.34057902536163
gemini-1.5-flash-002,2whG648zzuYtz_mexEp2R6NdZQyzat9cZEkWcQ==,PoT,38.262252939417984
gemini-1.5-flash-002,2whG648zzuYtz_mexEp2R6NdZQyzat9cZEkWcQ==,PoT,39.293765408777
gemini-1.5-flash-002,2whG648zzuYtz_mexEp2R6NdZQyzat9cZEkWcQ==,PoT,38.34057902536163
gemini-1.5-flash-002,2whG648zzuYtz_mexEp2R6NdZQyzat9cZEkWcQ==,PoT,38.262252939417984
gemini-1.5-flash-002,2whG648zzuYtz_mexEp2R6NdZQyzat9cZEkWcQ==,PoT,38.262252939417984
gemini-1.5-flash-002,2whG648zzuYtz_mexEp2R6NdZQyzat9cZEkWcQ==,PoT,39.293765408777
gemini-1.5-flash-002,2whG648zzuYtz_mexEp2R6NdZQyzat9cZEkWcQ==,PoT,39.293765408777
gemini-1.5-flash-002,2whG648zzuYtz_mexEp2R6NdZQyzat9cZEkWcQ==,PoT,39.293765408777
gemini-1.5-flash-002,2whG648zzuYtz_mexEp2R6NdZQyzat9cZEkWcQ==,PoT,39.293765408777
gemini-1.5-flash-002,2whG648zzuYtz_mexEp2R6NdZQyzat9cZEkWcQ==,PoT,38.34057902536163
gemini-1.5-flash-002,2whG648zzuYtz_mexEp2R6NdZQyzat9cZEkWcQ==,PoT,38.262252939417984
gemini-1.5-flash-002,2whG648zzuYtz_mexEp2R6NdZQyzat9cZEkWcQ==,PoT,38.262252939417984
gemini-1.5-flash-002,2whG648zzuYtz_mexEp2R6NdZQyzat9cZEkWcQ==,PoT,39.293765408777
gemini-1.5-flash-002,2whG648zzuYtz_mexEp2R6NdZQyzat9cZEkWcQ==,PoT,39.293765408777
gemini-1.5-flash-002,2whG648zzuYtz_mexEp2R6NdZQyzat9cZEkWcQ==,PoT,39.293765408777
gemini-1.5-flash-002,2whG648zzuYtz_mexEp2R6NdZQyzat9cZEkWcQ==,PoT,39.293765408777
gemini-1.5-flash-002,2whG648zzuYtz_mexEp2R6NdZQyzat9cZEkWcQ==,PoT,38.262252939417984
gemini-1.5-flash-002,2whG648zzuYtz_mexEp2R6NdZQyzat9cZEkWcQ==,PoT,39.293765408777
gemini-1.5-flash-002,2whG648zzuYtz_mexEp2R6NdZQyzat9cZEkWcQ==,PoT,38.262252939417984
gemini-1.5-flash-002,2whG648zzuYtz_mexEp2R6NdZQyzat9cZEkWcQ==,PoT,38.600518131237564
gemini-1.5-flash-002,2whG648zzuYtz_mexEp2R6NdZQyzat9cZEkWcQ==,PoT,38.262252939417984
gemini-1.5-flash-002,2whG648zzuYtz_mexEp2R6NdZQyzat9cZEkWcQ==,PoT,38.262252939417984
gemini-1.5-flash-002,2whG648zzuYtz_mexEp2R6NdZQyzat9cZEkWcQ==,PoT,39.293765408777
gemini-1.5-flash-002,2whG648zzuYtz_mexEp2R6NdZQyzat9cZEkWcQ==,PoT,38.0
gemini-1.5-flash-002,2whG648zzuYtz_mexEp2R6NdZQyzat9cZEkWcQ==,PoT,38.262252939417984
gemini-1.5-flash-002,2whG648zzuYtz_mexEp2R6NdZQyzat9cZEkWcQ==,PoT,39.293765408777
gemini-1.5-flash-002,2whG648zzuYtz_mexEp2R6NdZQyzat9cZEkWcQ==,PoT,39.293765408777
gemini-1.5-flash-002,2whG648zzuYtz_mexEp2R6NdZQyzat9cZEkWcQ==,PoT,39.293765408777
gemini-1.5-flash-002,2whG648zzuYtz_mexEp2R6NdZQyzat9cZEkWcQ==,PoT,38.0
gemini-1.5-flash-002,2whG648zzuYtz_mexEp2R6NdZQyzat9cZEkWcQ==,PoT,39.293765408777
gemini-1.5-flash-002,2whG648zzuYtz_mexEp2R6NdZQyzat9cZEkWcQ==,PoT,38.262252939417984
gemini-1.5-flash-002,2whG648zzuYtz_mexEp2R6NdZQyzat9cZEkWcQ==,PoT,39.293765408777
gemini-1.5-flash-002,2whG648zzuYtz_mexEp2R6NdZQyzat9cZEkWcQ==,PoT,39.293765408777
gemini-1.5-flash-002,2whG648zzuYtz_mexEp2R6NdZQyzat9cZEkWcQ==,PoT,38.262252939417984
gemini-1.5-flash-002,2whG648zzuYtz_mexEp2R6NdZQyzat9cZEkWcQ==,PoT,39.293765408777
gemini-1.5-flash-002,2whG648zzuYtz_mexEp2R6NdZQyzat9cZEkWcQ==,PoT,39.293765408777
gemini-1.5-flash-002,2whG648zzuYtz_mexEp2R6NdZQyzat9cZEkWcQ==,PoT,39.293765408777
gemini-1.5-flash-002,2whG648zzuYtz_mexEp2R6NdZQyzat9cZEkWcQ==,PoT,38.262252939417984
gemini-1.5-flash-002,2whG648zzuYtz_mexEp2R6NdZQyzat9cZEkWcQ==,PoT,39.293765408777
gemini-1.5-flash-002,2whG648zzuYtz_mexEp2R6NdZQyzat9cZEkWcQ==,PoT,39.293765408777
gemini-1.5-flash-002,2whG648zzuYtz_mexEp2R6NdZQyzat9cZEkWcQ==,PoT,39.293765408777
gemini-1.5-flash-002,2whG648zzuYtz_mexEp2R6NdZQyzat9cZEkWcQ==,PoT,39.293765408777
gemini-1.5-flash-002,2whG648zzuYtz_mexEp2R6NdZQyzat9cZEkWcQ==,PoT,38.262252939417984
gemini-1.5-flash-002,2whG648zzuYtz_mexEp2R6NdZQyzat9cZEkWcQ==,PoT,39.293765408777
gemini-1.5-flash-002,2whG648zzuYtz_mexEp2R6NdZQyzat9cZEkWcQ==,PoT,38.34057902536163
gemini-1.5-flash-002,2whG648zzuYtz_mexEp2R6NdZQyzat9cZEkWcQ==,PoT,38.34057902536163
gemini-1.5-flash-002,2whG648zzuYtz_mexEp2R6NdZQyzat9cZEkWcQ==,PoT,38.34057902536163
gemini-1.5-flash-002,2whG648zzuYtz_mexEp2R6NdZQyzat9cZEkWcQ==,PoT,39.293765408777
gemini-1.5-flash-002,2whG648zzuYtz_mexEp2R6NdZQyzat9cZEkWcQ==,PoT,39.96248240537617
gemini-1.5-flash-002,2whG648zzuYtz_mexEp2R6NdZQyzat9cZEkWcQ==,PoT,39.293765408777
gemini-1.5-flash-002,2whG648zzuYtz_mexEp2R6NdZQyzat9cZEkWcQ==,PoT,39.293765408777
gemini-1.5-flash-002,2whG648zzuYtz_mexEp2R6NdZQyzat9cZEkWcQ==,PoT,39.293765408777
gemini-1.5-flash-002,2whG648zzuYtz_mexEp2R6NdZQyzat9cZEkWcQ==,PoT,38.262252939417984
gemini-1.5-flash-002,2whG648zzuYtz_mexEp2R6NdZQyzat9cZEkWcQ==,PoT,39.293765408777
gemini-1.5-flash-002,2whG648zzuYtz_mexEp2R6NdZQyzat9cZEkWcQ==,PoT,39.293765408777
gemini-1.5-flash-002,2whG648zzuYtz_mexEp2R6NdZQyzat9cZEkWcQ==,PoT,39.293765408777
gemini-1.5-flash-002,2whG648zzuYtz_mexEp2R6NdZQyzat9cZEkWcQ==,PoT,39.293765408777
gemini-1.5-flash-002,2whG648zzuYtz_mexEp2R6NdZQyzat9cZEkWcQ==,PoT,39.293765408777
gemini-1.5-flash-002,2whG648zzuYtz_mexEp2R6NdZQyzat9cZEkWcQ==,PoT,39.293765408777
gemini-1.5-flash-002,2whG648zzuYtz_mexEp2R6NdZQyzat9cZEkWcQ==,PoT,38.34057902536163
gemini-1.5-flash-002,2whG648zzuYtz_mexEp2R6NdZQyzat9cZEkWcQ==,PoT,39.293765408777
gemini-1.5-flash-002,2whG648zzuYtz_mexEp2R6NdZQyzat9cZEkWcQ==,PoT,38.262252939417984
gemini-1.5-flash-002,2whG648zzuYtz_mexEp2R6NdZQyzat9cZEkWcQ==,PoT,39.293765408777
gemini-1.5-flash-002,2whG648zzuYtz_mexEp2R6NdZQyzat9cZEkWcQ==,PoT,38.262252939417984
gemini-1.5-flash-002,2whG648zzuYtz_mexEp2R6NdZQyzat9cZEkWcQ==,PoT,39.293765408777
gemini-1.5-flash-002,2whG648zzuYtz_mexEp2R6NdZQyzat9cZEkWcQ==,PoT,38.0
gemini-1.5-flash-002,2whG648zzuYtz_mexEp2R6NdZQyzat9cZEkWcQ==,PoT,39.96248240537617
gemini-1.5-flash-002,2whG648zzuYtz_mexEp2R6NdZQyzat9cZEkWcQ==,PoT,39.293765408777
gemini-1.5-flash-002,2whG648zzuYtz_mexEp2R6NdZQyzat9cZEkWcQ==,PoT,39.293765408777
gemini-1.5-flash-002,2whG648zzuYtz_mexEp2R6NdZQyzat9cZEkWcQ==,PoT,39.293765408777
gemini-1.5-flash-002,2whG648zzuYtz_mexEp2R6NdZQyzat9cZEkWcQ==,PoT,38.34057902536163
gemini-1.5-flash-002,2whG648zzuYtz_mexEp2R6NdZQyzat9cZEkWcQ==,PoT,39.293765408777
gemini-1.5-flash-002,2whG648zzuYtz_mexEp2R6NdZQyzat9cZEkWcQ==,PoT,39.293765408777
gemini-1.5-flash-002,2whG648zzuYtz_mexEp2R6NdZQyzat9cZEkWcQ==,PoT,39.293765408777
gemini-1.5-flash-002,2whG648zzuYtz_mexEp2R6NdZQyzat9cZEkWcQ==,PoT,38.262252939417984
gemini-1.5-flash-002,2whG648zzuYtz_mexEp2R6NdZQyzat9cZEkWcQ==,PoT,38.262252939417984
gemini-1.5-flash-002,2whG648zzuYtz_mexEp2R6NdZQyzat9cZEkWcQ==,PoT,38.262252939417984
gemini-1.5-flash-002,2whG648zzuYtz_mexEp2R6NdZQyzat9cZEkWcQ==,PoT,38.262252939417984
gemini-1.5-flash-002,2whG648zzuYtz_mexEp2R6NdZQyzat9cZEkWcQ==,PoT,38.262252939417984
gemini-1.5-flash-002,2whG648zzuYtz_mexEp2R6NdZQyzat9cZEkWcQ==,PoT,38.34057902536163
gemini-1.5-flash-002,2whG648zzuYtz_mexEp2R6NdZQyzat9cZEkWcQ==,PoT,38.34057902536163
gemini-1.5-flash-002,2whG648zzuYtz_mexEp2R6NdZQyzat9cZEkWcQ==,PoT,38.262252939417984
gemini-1.5-flash-002,2whG648zzuYtz_mexEp2R6NdZQyzat9cZEkWcQ==,PoT,39.293765408777
gemini-1.5-flash-002,2whG648zzuYtz_mexEp2R6NdZQyzat9cZEkWcQ==,PoT,39.293765408777
gemini-1.5-flash-002,2whG648zzuYtz_mexEp2R6NdZQyzat9cZEkWcQ==,PoT,39.293765408777
gemini-1.5-flash-002,2whG648zzuYtz_mexEp2R6NdZQyzat9cZEkWcQ==,PoT,39.293765408777
gemini-1.5-flash-002,2whG648zzuYtz_mexEp2R6NdZQyzat9cZEkWcQ==,PoT,38.262252939417984
gemini-1.5-flash-002,2whG648zzuYtz_mexEp2R6NdZQyzat9cZEkWcQ==,PoT,38.262252939417984
gemini-1.5-flash-002,2whG648zzuYtz_mexEp2R6NdZQyzat9cZEkWcQ==,PoT,39.293765408777
gemini-1.5-flash-002,2whG648zzuYtz_mexEp2R6NdZQyzat9cZEkWcQ==,PoT,39.293765408777
gemini-1.5-flash-002,2whG648zzuYtz_mexEp2R6NdZQyzat9cZEkWcQ==,PoT,38.262252939417984
gemini-1.5-flash-002,2whG648zzuYtz_mexEp2R6NdZQyzat9cZEkWcQ==,PoT,38.0
gemini-1.5-flash-002,3PkdlJxKFjFEsNOw_E-EI5TLYG57Sod5VZnX6Q==,PoT,39.293765408777
gemini-1.5-flash-002,3PkdlJxKFjFEsNOw_E-EI5TLYG57Sod5VZnX6Q==,PoT,39.293765408777
gemini-1.5-flash-002,3PkdlJxKFjFEsNOw_E-EI5TLYG57Sod5VZnX6Q==,PoT,38.262252939417984
gemini-1.5-flash-002,3PkdlJxKFjFEsNOw_E-EI5TLYG57Sod5VZnX6Q==,PoT,39.293765408777
gemini-1.5-flash-002,3PkdlJxKFjFEsNOw_E-EI5TLYG57Sod5VZnX6Q==,PoT,39.293765408777
gemini-1.5-flash-002,3PkdlJxKFjFEsNOw_E-EI5TLYG57Sod5VZnX6Q==,PoT,39.293765408777
gemini-1.5-flash-002,3PkdlJxKFjFEsNOw_E-EI5TLYG57Sod5VZnX6Q==,PoT,39.293765408777
gemini-1.5-flash-002,3PkdlJxKFjFEsNOw_E-EI5TLYG57Sod5VZnX6Q==,PoT,38.262252939417984
gemini-1.5-flash-002,3PkdlJxKFjFEsNOw_E-EI5TLYG57Sod5VZnX6Q==,PoT,39.293765408777
gemini-1.5-flash-002,3PkdlJxKFjFEsNOw_E-EI5TLYG57Sod5VZnX6Q==,PoT,38.262252939417984
gemini-1.5-flash-002,3PkdlJxKFjFEsNOw_E-EI5TLYG57Sod5VZnX6Q==,PoT,39.293765408777
gemini-1.5-flash-002,3PkdlJxKFjFEsNOw_E-EI5TLYG57Sod5VZnX6Q==,PoT,38.262252939417984
gemini-1.5-flash-002,3PkdlJxKFjFEsNOw_E-EI5TLYG57Sod5VZnX6Q==,PoT,39.63584236521283
gemini-1.5-flash-002,3PkdlJxKFjFEsNOw_E-EI5TLYG57Sod5VZnX6Q==,PoT,38.262252939417984
gemini-1.5-flash-002,3PkdlJxKFjFEsNOw_E-EI5TLYG57Sod5VZnX6Q==,PoT,38.262252939417984
gemini-1.5-flash-002,3PkdlJxKFjFEsNOw_E-EI5TLYG57Sod5VZnX6Q==,PoT,38.262252939417984
gemini-1.5-flash-002,3PkdlJxKFjFEsNOw_E-EI5TLYG57Sod5VZnX6Q==,PoT,38.948684188300895
gemini-1.5-flash-002,3PkdlJxKFjFEsNOw_E-EI5TLYG57Sod5VZnX6Q==,PoT,39.293765408777
gemini-1.5-flash-002,3PkdlJxKFjFEsNOw_E-EI5TLYG57Sod5VZnX6Q==,PoT,39.293765408777
gemini-1.5-flash-002,3PkdlJxKFjFEsNOw_E-EI5TLYG57Sod5VZnX6Q==,PoT,39.293765408777
gemini-1.5-flash-002,3PkdlJxKFjFEsNOw_E-EI5TLYG57Sod5VZnX6Q==,PoT,38.262252939417984
gemini-1.5-flash-002,3PkdlJxKFjFEsNOw_E-EI5TLYG57Sod5VZnX6Q==,PoT,38.262252939417984
gemini-1.5-flash-002,3PkdlJxKFjFEsNOw_E-EI5TLYG57Sod5VZnX6Q==,PoT,39.293765408777
gemini-1.5-flash-002,3PkdlJxKFjFEsNOw_E-EI5TLYG57Sod5VZnX6Q==,PoT,39.293765408777
gemini-1.5-flash-002,3PkdlJxKFjFEsNOw_E-EI5TLYG57Sod5VZnX6Q==,PoT,38.262252939417984
gemini-1.5-flash-002,3PkdlJxKFjFEsNOw_E-EI5TLYG57Sod5VZnX6Q==,PoT,39.293765408777
gemini-1.5-flash-002,3PkdlJxKFjFEsNOw_E-EI5TLYG57Sod5VZnX6Q==,PoT,38.262252939417984
gemini-1.5-flash-002,3PkdlJxKFjFEsNOw_E-EI5TLYG57Sod5VZnX6Q==,PoT,39.293765408777
gemini-1.5-flash-002,3PkdlJxKFjFEsNOw_E-EI5TLYG57Sod5VZnX6Q==,PoT,38.262252939417984
gemini-1.5-flash-002,3PkdlJxKFjFEsNOw_E-EI5TLYG57Sod5VZnX6Q==,PoT,38.262252939417984
gemini-1.5-flash-002,3PkdlJxKFjFEsNOw_E-EI5TLYG57Sod5VZnX6Q==,PoT,38.262252939417984
gemini-1.5-flash-002,3PkdlJxKFjFEsNOw_E-EI5TLYG57Sod5VZnX6Q==,PoT,38.0
gemini-1.5-flash-002,3PkdlJxKFjFEsNOw_E-EI5TLYG57Sod5VZnX6Q==,PoT,38.262252939417984
gemini-1.5-flash-002,3PkdlJxKFjFEsNOw_E-EI5TLYG57Sod5VZnX6Q==,PoT,38.0
gemini-1.5-flash-002,3PkdlJxKFjFEsNOw_E-EI5TLYG57Sod5VZnX6Q==,PoT,38.262252939417984
gemini-1.5-flash-002,3PkdlJxKFjFEsNOw_E-EI5TLYG57Sod5VZnX6Q==,PoT,39.293765408777
gemini-1.5-flash-002,3PkdlJxKFjFEsNOw_E-EI5TLYG57Sod5VZnX6Q==,PoT,39.293765408777
gemini-1.5-flash-002,3PkdlJxKFjFEsNOw_E-EI5TLYG57Sod5VZnX6Q==,PoT,38.0
gemini-1.5-flash-002,3PkdlJxKFjFEsNOw_E-EI5TLYG57Sod5VZnX6Q==,PoT,38.262252939417984
gemini-1.5-flash-002,3PkdlJxKFjFEsNOw_E-EI5TLYG57Sod5VZnX6Q==,PoT,39.293765408777
gemini-1.5-flash-002,3PkdlJxKFjFEsNOw_E-EI5TLYG57Sod5VZnX6Q==,PoT,39.293765408777
gemini-1.5-flash-002,3PkdlJxKFjFEsNOw_E-EI5TLYG57Sod5VZnX6Q==,PoT,38.34057902536163
gemini-1.5-flash-002,3PkdlJxKFjFEsNOw_E-EI5TLYG57Sod5VZnX6Q==,PoT,38.34057902536163
gemini-1.5-flash-002,3PkdlJxKFjFEsNOw_E-EI5TLYG57Sod5VZnX6Q==,PoT,39.96248240537617
gemini-1.5-flash-002,3PkdlJxKFjFEsNOw_E-EI5TLYG57Sod5VZnX6Q==,PoT,39.293765408777
gemini-1.5-flash-002,3PkdlJxKFjFEsNOw_E-EI5TLYG57Sod5VZnX6Q==,PoT,38.262252939417984
gemini-1.5-flash-002,3PkdlJxKFjFEsNOw_E-EI5TLYG57Sod5VZnX6Q==,PoT,39.293765408777
gemini-1.5-flash-002,3PkdlJxKFjFEsNOw_E-EI5TLYG57Sod5VZnX6Q==,PoT,39.293765408777
gemini-1.5-flash-002,3PkdlJxKFjFEsNOw_E-EI5TLYG57Sod5VZnX6Q==,PoT,39.293765408777
gemini-1.5-flash-002,3PkdlJxKFjFEsNOw_E-EI5TLYG57Sod5VZnX6Q==,PoT,38.262252939417984
gemini-1.5-flash-002,3PkdlJxKFjFEsNOw_E-EI5TLYG57Sod5VZnX6Q==,PoT,38.262252939417984
gemini-1.5-flash-002,3PkdlJxKFjFEsNOw_E-EI5TLYG57Sod5VZnX6Q==,PoT,38.262252939417984
gemini-1.5-flash-002,3PkdlJxKFjFEsNOw_E-EI5TLYG57Sod5VZnX6Q==,PoT,38.34057902536163
gemini-1.5-flash-002,3PkdlJxKFjFEsNOw_E-EI5TLYG57Sod5VZnX6Q==,PoT,39.293765408777
gemini-1.5-flash-002,3PkdlJxKFjFEsNOw_E-EI5TLYG57Sod5VZnX6Q==,PoT,39.293765408777
gemini-1.5-flash-002,3PkdlJxKFjFEsNOw_E-EI5TLYG57Sod5VZnX6Q==,PoT,38.262252939417984
gemini-1.5-flash-002,3PkdlJxKFjFEsNOw_E-EI5TLYG57Sod5VZnX6Q==,PoT,39.293765408777
gemini-1.5-flash-002,3PkdlJxKFjFEsNOw_E-EI5TLYG57Sod5VZnX6Q==,PoT,38.34057902536163
gemini-1.5-flash-002,3PkdlJxKFjFEsNOw_E-EI5TLYG57Sod5VZnX6Q==,PoT,39.293765408777
gemini-1.5-flash-002,3PkdlJxKFjFEsNOw_E-EI5TLYG57Sod5VZnX6Q==,PoT,39.293765408777
gemini-1.5-flash-002,3PkdlJxKFjFEsNOw_E-EI5TLYG57Sod5VZnX6Q==,PoT,39.293765408777
gemini-1.5-flash-002,3PkdlJxKFjFEsNOw_E-EI5TLYG57Sod5VZnX6Q==,PoT,38.262252939417984
gemini-1.5-flash-002,3PkdlJxKFjFEsNOw_E-EI5TLYG57Sod5VZnX6Q==,PoT,39.293765408777
gemini-1.5-flash-002,3PkdlJxKFjFEsNOw_E-EI5TLYG57Sod5VZnX6Q==,PoT,38.262252939417984
gemini-1.5-flash-002,3PkdlJxKFjFEsNOw_E-EI5TLYG57Sod5VZnX6Q==,PoT,39.293765408777
gemini-1.5-flash-002,3PkdlJxKFjFEsNOw_E-EI5TLYG57Sod5VZnX6Q==,PoT,38.262252939417984
gemini-1.5-flash-002,3PkdlJxKFjFEsNOw_E-EI5TLYG57Sod5VZnX6Q==,PoT,38.262252939417984
gemini-1.5-flash-002,3PkdlJxKFjFEsNOw_E-EI5TLYG57Sod5VZnX6Q==,PoT,38.262252939417984
gemini-1.5-flash-002,3PkdlJxKFjFEsNOw_E-EI5TLYG57Sod5VZnX6Q==,PoT,38.0
gemini-1.5-flash-002,3PkdlJxKFjFEsNOw_E-EI5TLYG57Sod5VZnX6Q==,PoT,39.293765408777
gemini-1.5-flash-002,3PkdlJxKFjFEsNOw_E-EI5TLYG57Sod5VZnX6Q==,PoT,38.262252939417984
gemini-1.5-flash-002,3PkdlJxKFjFEsNOw_E-EI5TLYG57Sod5VZnX6Q==,PoT,39.293765408777
gemini-1.5-flash-002,3PkdlJxKFjFEsNOw_E-EI5TLYG57Sod5VZnX6Q==,PoT,39.293765408777
gemini-1.5-flash-002,3PkdlJxKFjFEsNOw_E-EI5TLYG57Sod5VZnX6Q==,PoT,38.262252939417984
gemini-1.5-flash-002,3PkdlJxKFjFEsNOw_E-EI5TLYG57Sod5VZnX6Q==,PoT,39.293765408777
gemini-1.5-flash-002,3PkdlJxKFjFEsNOw_E-EI5TLYG57Sod5VZnX6Q==,PoT,39.293765408777
gemini-1.5-flash-002,3PkdlJxKFjFEsNOw_E-EI5TLYG57Sod5VZnX6Q==,PoT,39.293765408777
gemini-1.5-flash-002,3PkdlJxKFjFEsNOw_E-EI5TLYG57Sod5VZnX6Q==,PoT,39.293765408777
gemini-1.5-flash-002,3PkdlJxKFjFEsNOw_E-EI5TLYG57Sod5VZnX6Q==,PoT,38.262252939417984
gemini-1.5-flash-002,3PkdlJxKFjFEsNOw_E-EI5TLYG57Sod5VZnX6Q==,PoT,39.293765408777
gemini-1.5-flash-002,3PkdlJxKFjFEsNOw_E-EI5TLYG57Sod5VZnX6Q==,PoT,39.293765408777
gemini-1.5-flash-002,3PkdlJxKFjFEsNOw_E-EI5TLYG57Sod5VZnX6Q==,PoT,39.293765408777
gemini-1.5-flash-002,3PkdlJxKFjFEsNOw_E-EI5TLYG57Sod5VZnX6Q==,PoT,38.262252939417984
gemini-1.5-flash-002,3PkdlJxKFjFEsNOw_E-EI5TLYG57Sod5VZnX6Q==,PoT,39.293765408777
gemini-1.5-flash-002,3PkdlJxKFjFEsNOw_E-EI5TLYG57Sod5VZnX6Q==,PoT,38.34057902536163
gemini-1.5-flash-002,3PkdlJxKFjFEsNOw_E-EI5TLYG57Sod5VZnX6Q==,PoT,38.262252939417984
gemini-1.5-flash-002,3PkdlJxKFjFEsNOw_E-EI5TLYG57Sod5VZnX6Q==,PoT,38.262252939417984
gemini-1.5-flash-002,3PkdlJxKFjFEsNOw_E-EI5TLYG57Sod5VZnX6Q==,PoT,39.293765408777
gemini-1.5-flash-002,3PkdlJxKFjFEsNOw_E-EI5TLYG57Sod5VZnX6Q==,PoT,38.262252939417984
gemini-1.5-flash-002,3PkdlJxKFjFEsNOw_E-EI5TLYG57Sod5VZnX6Q==,PoT,39.293765408777
gemini-1.5-flash-002,3PkdlJxKFjFEsNOw_E-EI5TLYG57Sod5VZnX6Q==,PoT,38.262252939417984
gemini-1.5-flash-002,3PkdlJxKFjFEsNOw_E-EI5TLYG57Sod5VZnX6Q==,PoT,38.262252939417984
gemini-1.5-flash-002,3PkdlJxKFjFEsNOw_E-EI5TLYG57Sod5VZnX6Q==,PoT,38.0
gemini-1.5-flash-002,3PkdlJxKFjFEsNOw_E-EI5TLYG57Sod5VZnX6Q==,PoT,38.262252939417984
gemini-1.5-flash-002,3PkdlJxKFjFEsNOw_E-EI5TLYG57Sod5VZnX6Q==,PoT,39.293765408777
gemini-1.5-flash-002,3PkdlJxKFjFEsNOw_E-EI5TLYG57Sod5VZnX6Q==,PoT,39.293765408777
gemini-1.5-flash-002,3PkdlJxKFjFEsNOw_E-EI5TLYG57Sod5VZnX6Q==,PoT,39.293765408777
gemini-1.5-flash-002,3PkdlJxKFjFEsNOw_E-EI5TLYG57Sod5VZnX6Q==,PoT,39.293765408777
gemini-1.5-flash-002,3PkdlJxKFjFEsNOw_E-EI5TLYG57Sod5VZnX6Q==,PoT,38.262252939417984
gemini-1.5-flash-002,3PkdlJxKFjFEsNOw_E-EI5TLYG57Sod5VZnX6Q==,PoT,39.293765408777
gemini-1.5-flash-002,8wqByWs1-IGzur3V6uMgWQZBqcBBCn00AAUtXA==,PoT,38.262252939417984
gemini-1.5-flash-002,8wqByWs1-IGzur3V6uMgWQZBqcBBCn00AAUtXA==,PoT,38.262252939417984
gemini-1.5-flash-002,8wqByWs1-IGzur3V6uMgWQZBqcBBCn00AAUtXA==,PoT,39.293765408777
gemini-1.5-flash-002,8wqByWs1-IGzur3V6uMgWQZBqcBBCn00AAUtXA==,PoT,39.293765408777
gemini-1.5-flash-002,8wqByWs1-IGzur3V6uMgWQZBqcBBCn00AAUtXA==,PoT,39.293765408777
gemini-1.5-flash-002,8wqByWs1-IGzur3V6uMgWQZBqcBBCn00AAUtXA==,PoT,39.293765408777
gemini-1.5-flash-002,8wqByWs1-IGzur3V6uMgWQZBqcBBCn00AAUtXA==,PoT,39.293765408777
gemini-1.5-flash-002,8wqByWs1-IGzur3V6uMgWQZBqcBBCn00AAUtXA==,PoT,38.262252939417984
gemini-1.5-flash-002,8wqByWs1-IGzur3V6uMgWQZBqcBBCn00AAUtXA==,PoT,39.293765408777
gemini-1.5-flash-002,8wqByWs1-IGzur3V6uMgWQZBqcBBCn00AAUtXA==,PoT,38.262252939417984
gemini-1.5-flash-002,8wqByWs1-IGzur3V6uMgWQZBqcBBCn00AAUtXA==,PoT,38.262252939417984
gemini-1.5-flash-002,8wqByWs1-IGzur3V6uMgWQZBqcBBCn00AAUtXA==,PoT,39.293765408777
gemini-1.5-flash-002,8wqByWs1-IGzur3V6uMgWQZBqcBBCn00AAUtXA==,PoT,39.293765408777
gemini-1.5-flash-002,8wqByWs1-IGzur3V6uMgWQZBqcBBCn00AAUtXA==,PoT,38.262252939417984
gemini-1.5-flash-002,8wqByWs1-IGzur3V6uMgWQZBqcBBCn00AAUtXA==,PoT,38.07886552931954
gemini-1.5-flash-002,8wqByWs1-IGzur3V6uMgWQZBqcBBCn00AAUtXA==,PoT,39.293765408777
gemini-1.5-flash-002,8wqByWs1-IGzur3V6uMgWQZBqcBBCn00AAUtXA==,PoT,39.293765408777
gemini-1.5-flash-002,8wqByWs1-IGzur3V6uMgWQZBqcBBCn00AAUtXA==,PoT,39.293765408777
gemini-1.5-flash-002,8wqByWs1-IGzur3V6uMgWQZBqcBBCn00AAUtXA==,PoT,39.293765408777
gemini-1.5-flash-002,8wqByWs1-IGzur3V6uMgWQZBqcBBCn00AAUtXA==,PoT,+
gemini-1.5-flash-002,8wqByWs1-IGzur3V6uMgWQZBqcBBCn00AAUtXA==,PoT,38.262252939417984
gemini-1.5-flash-002,8wqByWs1-IGzur3V6uMgWQZBqcBBCn00AAUtXA==,PoT,39.293765408777
gemini-1.5-flash-002,8wqByWs1-IGzur3V6uMgWQZBqcBBCn00AAUtXA==,PoT,39.293765408777
gemini-1.5-flash-002,8wqByWs1-IGzur3V6uMgWQZBqcBBCn00AAUtXA==,PoT,39.293765408777
gemini-1.5-flash-002,8wqByWs1-IGzur3V6uMgWQZBqcBBCn00AAUtXA==,PoT,39.293765408777
gemini-1.5-flash-002,8wqByWs1-IGzur3V6uMgWQZBqcBBCn00AAUtXA==,PoT,39.293765408777
gemini-1.5-flash-002,8wqByWs1-IGzur3V6uMgWQZBqcBBCn00AAUtXA==,PoT,39.293765408777
gemini-1.5-flash-002,8wqByWs1-IGzur3V6uMgWQZBqcBBCn00AAUtXA==,PoT,39.293765408777
gemini-1.5-flash-002,8wqByWs1-IGzur3V6uMgWQZBqcBBCn00AAUtXA==,PoT,39.293765408777
gemini-1.5-flash-002,8wqByWs1-IGzur3V6uMgWQZBqcBBCn00AAUtXA==,PoT,38.262252939417984
gemini-1.5-flash-002,8wqByWs1-IGzur3V6uMgWQZBqcBBCn00AAUtXA==,PoT,39.293765408777
gemini-1.5-flash-002,8wqByWs1-IGzur3V6uMgWQZBqcBBCn00AAUtXA==,PoT,38.262252939417984
gemini-1.5-flash-002,8wqByWs1-IGzur3V6uMgWQZBqcBBCn00AAUtXA==,PoT,38.262252939417984
gemini-1.5-flash-002,8wqByWs1-IGzur3V6uMgWQZBqcBBCn00AAUtXA==,PoT,38.34057902536163
gemini-1.5-flash-002,8wqByWs1-IGzur3V6uMgWQZBqcBBCn00AAUtXA==,PoT,39.293765408777
gemini-1.5-flash-002,8wqByWs1-IGzur3V6uMgWQZBqcBBCn00AAUtXA==,PoT,38.262252939417984
gemini-1.5-flash-002,8wqByWs1-IGzur3V6uMgWQZBqcBBCn00AAUtXA==,PoT,38.948684188300895
gemini-1.5-flash-002,8wqByWs1-IGzur3V6uMgWQZBqcBBCn00AAUtXA==,PoT,38.262252939417984
gemini-1.5-flash-002,8wqByWs1-IGzur3V6uMgWQZBqcBBCn00AAUtXA==,PoT,39.293765408777
gemini-1.5-flash-002,8wqByWs1-IGzur3V6uMgWQZBqcBBCn00AAUtXA==,PoT,38.262252939417984
gemini-1.5-flash-002,8wqByWs1-IGzur3V6uMgWQZBqcBBCn00AAUtXA==,PoT,39.293765408777
gemini-1.5-flash-002,8wqByWs1-IGzur3V6uMgWQZBqcBBCn00AAUtXA==,PoT,38.0
gemini-1.5-flash-002,8wqByWs1-IGzur3V6uMgWQZBqcBBCn00AAUtXA==,PoT,39.293765408777
gemini-1.5-flash-002,8wqByWs1-IGzur3V6uMgWQZBqcBBCn00AAUtXA==,PoT,39.293765408777
gemini-1.5-flash-002,8wqByWs1-IGzur3V6uMgWQZBqcBBCn00AAUtXA==,PoT,38.262252939417984
gemini-1.5-flash-002,8wqByWs1-IGzur3V6uMgWQZBqcBBCn00AAUtXA==,PoT,38.262252939417984
gemini-1.5-flash-002,8wqByWs1-IGzur3V6uMgWQZBqcBBCn00AAUtXA==,PoT,38.262252939417984
gemini-1.5-flash-002,8wqByWs1-IGzur3V6uMgWQZBqcBBCn00AAUtXA==,PoT,39.293765408777
gemini-1.5-flash-002,8wqByWs1-IGzur3V6uMgWQZBqcBBCn00AAUtXA==,PoT,39.293765408777
gemini-1.5-flash-002,8wqByWs1-IGzur3V6uMgWQZBqcBBCn00AAUtXA==,PoT,39.293765408777
gemini-1.5-flash-002,8wqByWs1-IGzur3V6uMgWQZBqcBBCn00AAUtXA==,PoT,38.262252939417984
gemini-1.5-flash-002,8wqByWs1-IGzur3V6uMgWQZBqcBBCn00AAUtXA==,PoT,39.293765408777
gemini-1.5-flash-002,8wqByWs1-IGzur3V6uMgWQZBqcBBCn00AAUtXA==,PoT,39.293765408777
gemini-1.5-flash-002,8wqByWs1-IGzur3V6uMgWQZBqcBBCn00AAUtXA==,PoT,39.293765408777
gemini-1.5-flash-002,8wqByWs1-IGzur3V6uMgWQZBqcBBCn00AAUtXA==,PoT,39.293765408777
gemini-1.5-flash-002,8wqByWs1-IGzur3V6uMgWQZBqcBBCn00AAUtXA==,PoT,39.293765408777
gemini-1.5-flash-002,8wqByWs1-IGzur3V6uMgWQZBqcBBCn00AAUtXA==,PoT,39.293765408777
gemini-1.5-flash-002,8wqByWs1-IGzur3V6uMgWQZBqcBBCn00AAUtXA==,PoT,39.293765408777
gemini-1.5-flash-002,8wqByWs1-IGzur3V6uMgWQZBqcBBCn00AAUtXA==,PoT,38.0
gemini-1.5-flash-002,8wqByWs1-IGzur3V6uMgWQZBqcBBCn00AAUtXA==,PoT,39.293765408777
gemini-1.5-flash-002,8wqByWs1-IGzur3V6uMgWQZBqcBBCn00AAUtXA==,PoT,39.293765408777
gemini-1.5-flash-002,8wqByWs1-IGzur3V6uMgWQZBqcBBCn00AAUtXA==,PoT,38.262252939417984
gemini-1.5-flash-002,8wqByWs1-IGzur3V6uMgWQZBqcBBCn00AAUtXA==,PoT,39.293765408777
gemini-1.5-flash-002,8wqByWs1-IGzur3V6uMgWQZBqcBBCn00AAUtXA==,PoT,39.293765408777
gemini-1.5-flash-002,8wqByWs1-IGzur3V6uMgWQZBqcBBCn00AAUtXA==,PoT,38.0
gemini-1.5-flash-002,8wqByWs1-IGzur3V6uMgWQZBqcBBCn00AAUtXA==,PoT,38.34057902536163
gemini-1.5-flash-002,8wqByWs1-IGzur3V6uMgWQZBqcBBCn00AAUtXA==,PoT,38.262252939417984
gemini-1.5-flash-002,8wqByWs1-IGzur3V6uMgWQZBqcBBCn00AAUtXA==,PoT,39.293765408777
gemini-1.5-flash-002,8wqByWs1-IGzur3V6uMgWQZBqcBBCn00AAUtXA==,PoT,39.293765408777
gemini-1.5-flash-002,8wqByWs1-IGzur3V6uMgWQZBqcBBCn00AAUtXA==,PoT,38.600518131237564
gemini-1.5-flash-002,8wqByWs1-IGzur3V6uMgWQZBqcBBCn00AAUtXA==,PoT,38.262252939417984
gemini-1.5-flash-002,8wqByWs1-IGzur3V6uMgWQZBqcBBCn00AAUtXA==,PoT,39.293765408777
gemini-1.5-flash-002,8wqByWs1-IGzur3V6uMgWQZBqcBBCn00AAUtXA==,PoT,39.293765408777
gemini-1.5-flash-002,8wqByWs1-IGzur3V6uMgWQZBqcBBCn00AAUtXA==,PoT,39.293765408777
gemini-1.5-flash-002,8wqByWs1-IGzur3V6uMgWQZBqcBBCn00AAUtXA==,PoT,39.293765408777
gemini-1.5-flash-002,8wqByWs1-IGzur3V6uMgWQZBqcBBCn00AAUtXA==,PoT,39.293765408777
gemini-1.5-flash-002,8wqByWs1-IGzur3V6uMgWQZBqcBBCn00AAUtXA==,PoT,39.293765408777
gemini-1.5-flash-002,8wqByWs1-IGzur3V6uMgWQZBqcBBCn00AAUtXA==,PoT,38.262252939417984
gemini-1.5-flash-002,8wqByWs1-IGzur3V6uMgWQZBqcBBCn00AAUtXA==,PoT,39.293765408777
gemini-1.5-flash-002,8wqByWs1-IGzur3V6uMgWQZBqcBBCn00AAUtXA==,PoT,42.20189569201838
gemini-1.5-flash-002,8wqByWs1-IGzur3V6uMgWQZBqcBBCn00AAUtXA==,PoT,38.262252939417984
gemini-1.5-flash-002,8wqByWs1-IGzur3V6uMgWQZBqcBBCn00AAUtXA==,PoT,38.262252939417984
gemini-1.5-flash-002,8wqByWs1-IGzur3V6uMgWQZBqcBBCn00AAUtXA==,PoT,38.262252939417984
gemini-1.5-flash-002,8wqByWs1-IGzur3V6uMgWQZBqcBBCn00AAUtXA==,PoT,39.293765408777
gemini-1.5-flash-002,8wqByWs1-IGzur3V6uMgWQZBqcBBCn00AAUtXA==,PoT,39.293765408777
gemini-1.5-flash-002,8wqByWs1-IGzur3V6uMgWQZBqcBBCn00AAUtXA==,PoT,38.262252939417984
gemini-1.5-flash-002,8wqByWs1-IGzur3V6uMgWQZBqcBBCn00AAUtXA==,PoT,39.293765408777
gemini-1.5-flash-002,8wqByWs1-IGzur3V6uMgWQZBqcBBCn00AAUtXA==,PoT,39.293765408777
gemini-1.5-flash-002,8wqByWs1-IGzur3V6uMgWQZBqcBBCn00AAUtXA==,PoT,38.262252939417984
gemini-1.5-flash-002,8wqByWs1-IGzur3V6uMgWQZBqcBBCn00AAUtXA==,PoT,38.34057902536163
gemini-1.5-flash-002,8wqByWs1-IGzur3V6uMgWQZBqcBBCn00AAUtXA==,PoT,39.293765408777
gemini-1.5-flash-002,8wqByWs1-IGzur3V6uMgWQZBqcBBCn00AAUtXA==,PoT,38.262252939417984
gemini-1.5-flash-002,8wqByWs1-IGzur3V6uMgWQZBqcBBCn00AAUtXA==,PoT,38.262252939417984
gemini-1.5-flash-002,8wqByWs1-IGzur3V6uMgWQZBqcBBCn00AAUtXA==,PoT,39.293765408777
gemini-1.5-flash-002,8wqByWs1-IGzur3V6uMgWQZBqcBBCn00AAUtXA==,PoT,38.262252939417984
gemini-1.5-flash-002,8wqByWs1-IGzur3V6uMgWQZBqcBBCn00AAUtXA==,PoT,39.293765408777
gemini-1.5-flash-002,8wqByWs1-IGzur3V6uMgWQZBqcBBCn00AAUtXA==,PoT,38.262252939417984
gemini-1.5-flash-002,8wqByWs1-IGzur3V6uMgWQZBqcBBCn00AAUtXA==,PoT,39.293765408777
gemini-1.5-flash-002,8wqByWs1-IGzur3V6uMgWQZBqcBBCn00AAUtXA==,PoT,39.293765408777
gemini-1.5-flash-002,8wqByWs1-IGzur3V6uMgWQZBqcBBCn00AAUtXA==,PoT,38.262252939417984
gemini-1.5-flash-002,EI36aLEOUVXUaobJieSVIffrC65G3nsHUaNvWg==,PoT,39.293765408777
gemini-1.5-flash-002,EI36aLEOUVXUaobJieSVIffrC65G3nsHUaNvWg==,PoT,39.293765408777
gemini-1.5-flash-002,EI36aLEOUVXUaobJieSVIffrC65G3nsHUaNvWg==,PoT,39.293765408777
gemini-1.5-flash-002,EI36aLEOUVXUaobJieSVIffrC65G3nsHUaNvWg==,PoT,38.34057902536163
gemini-1.5-flash-002,EI36aLEOUVXUaobJieSVIffrC65G3nsHUaNvWg==,PoT,38.262252939417984
gemini-1.5-flash-002,EI36aLEOUVXUaobJieSVIffrC65G3nsHUaNvWg==,PoT,38.262252939417984
gemini-1.5-flash-002,EI36aLEOUVXUaobJieSVIffrC65G3nsHUaNvWg==,PoT,39.293765408777
gemini-1.5-flash-002,EI36aLEOUVXUaobJieSVIffrC65G3nsHUaNvWg==,PoT,39.293765408777
gemini-1.5-flash-002,EI36aLEOUVXUaobJieSVIffrC65G3nsHUaNvWg==,PoT,38.262252939417984
gemini-1.5-flash-002,EI36aLEOUVXUaobJieSVIffrC65G3nsHUaNvWg==,PoT,38.262252939417984
gemini-1.5-flash-002,EI36aLEOUVXUaobJieSVIffrC65G3nsHUaNvWg==,PoT,38.262252939417984
gemini-1.5-flash-002,EI36aLEOUVXUaobJieSVIffrC65G3nsHUaNvWg==,PoT,39.293765408777
gemini-1.5-flash-002,EI36aLEOUVXUaobJieSVIffrC65G3nsHUaNvWg==,PoT,39.293765408777
gemini-1.5-flash-002,EI36aLEOUVXUaobJieSVIffrC65G3nsHUaNvWg==,PoT,39.293765408777
gemini-1.5-flash-002,EI36aLEOUVXUaobJieSVIffrC65G3nsHUaNvWg==,PoT,38.34057902536163
gemini-1.5-flash-002,EI36aLEOUVXUaobJieSVIffrC65G3nsHUaNvWg==,PoT,38.262252939417984
gemini-1.5-flash-002,EI36aLEOUVXUaobJieSVIffrC65G3nsHUaNvWg==,PoT,39.293765408777
gemini-1.5-flash-002,EI36aLEOUVXUaobJieSVIffrC65G3nsHUaNvWg==,PoT,38.262252939417984
gemini-1.5-flash-002,EI36aLEOUVXUaobJieSVIffrC65G3nsHUaNvWg==,PoT,38.262252939417984
gemini-1.5-flash-002,EI36aLEOUVXUaobJieSVIffrC65G3nsHUaNvWg==,PoT,39.293765408777
gemini-1.5-flash-002,EI36aLEOUVXUaobJieSVIffrC65G3nsHUaNvWg==,PoT,38.262252939417984
gemini-1.5-flash-002,EI36aLEOUVXUaobJieSVIffrC65G3nsHUaNvWg==,PoT,38.262252939417984
gemini-1.5-flash-002,EI36aLEOUVXUaobJieSVIffrC65G3nsHUaNvWg==,PoT,38.262252939417984
gemini-1.5-flash-002,EI36aLEOUVXUaobJieSVIffrC65G3nsHUaNvWg==,PoT,38.262252939417984
gemini-1.5-flash-002,EI36aLEOUVXUaobJieSVIffrC65G3nsHUaNvWg==,PoT,38.34057902536163
gemini-1.5-flash-002,EI36aLEOUVXUaobJieSVIffrC65G3nsHUaNvWg==,PoT,38.262252939417984
gemini-1.5-flash-002,EI36aLEOUVXUaobJieSVIffrC65G3nsHUaNvWg==,PoT,38.262252939417984
gemini-1.5-flash-002,EI36aLEOUVXUaobJieSVIffrC65G3nsHUaNvWg==,PoT,38.262252939417984
gemini-1.5-flash-002,EI36aLEOUVXUaobJieSVIffrC65G3nsHUaNvWg==,PoT,39.293765408777
gemini-1.5-flash-002,EI36aLEOUVXUaobJieSVIffrC65G3nsHUaNvWg==,PoT,39.293765408777
gemini-1.5-flash-002,EI36aLEOUVXUaobJieSVIffrC65G3nsHUaNvWg==,PoT,38.34057902536163
gemini-1.5-flash-002,EI36aLEOUVXUaobJieSVIffrC65G3nsHUaNvWg==,PoT,39.293765408777
gemini-1.5-flash-002,EI36aLEOUVXUaobJieSVIffrC65G3nsHUaNvWg==,PoT,39.293765408777
gemini-1.5-flash-002,EI36aLEOUVXUaobJieSVIffrC65G3nsHUaNvWg==,PoT,38.262252939417984
gemini-1.5-flash-002,EI36aLEOUVXUaobJieSVIffrC65G3nsHUaNvWg==,PoT,39.293765408777
gemini-1.5-flash-002,EI36aLEOUVXUaobJieSVIffrC65G3nsHUaNvWg==,PoT,39.293765408777
gemini-1.5-flash-002,EI36aLEOUVXUaobJieSVIffrC65G3nsHUaNvWg==,PoT,39.293765408777
gemini-1.5-flash-002,EI36aLEOUVXUaobJieSVIffrC65G3nsHUaNvWg==,PoT,39.293765408777
gemini-1.5-flash-002,EI36aLEOUVXUaobJieSVIffrC65G3nsHUaNvWg==,PoT,38.262252939417984
gemini-1.5-flash-002,EI36aLEOUVXUaobJieSVIffrC65G3nsHUaNvWg==,PoT,39.293765408777
gemini-1.5-flash-002,EI36aLEOUVXUaobJieSVIffrC65G3nsHUaNvWg==,PoT,38.262252939417984
gemini-1.5-flash-002,EI36aLEOUVXUaobJieSVIffrC65G3nsHUaNvWg==,PoT,38.262252939417984
gemini-1.5-flash-002,EI36aLEOUVXUaobJieSVIffrC65G3nsHUaNvWg==,PoT,39.293765408777
gemini-1.5-flash-002,EI36aLEOUVXUaobJieSVIffrC65G3nsHUaNvWg==,PoT,39.293765408777
gemini-1.5-flash-002,EI36aLEOUVXUaobJieSVIffrC65G3nsHUaNvWg==,PoT,39.293765408777
gemini-1.5-flash-002,EI36aLEOUVXUaobJieSVIffrC65G3nsHUaNvWg==,PoT,39.293765408777
gemini-1.5-flash-002,EI36aLEOUVXUaobJieSVIffrC65G3nsHUaNvWg==,PoT,39.293765408777
gemini-1.5-flash-002,EI36aLEOUVXUaobJieSVIffrC65G3nsHUaNvWg==,PoT,38.600518131237564
gemini-1.5-flash-002,EI36aLEOUVXUaobJieSVIffrC65G3nsHUaNvWg==,PoT,39.293765408777
gemini-1.5-flash-002,EI36aLEOUVXUaobJieSVIffrC65G3nsHUaNvWg==,PoT,38.262252939417984
gemini-1.5-flash-002,EI36aLEOUVXUaobJieSVIffrC65G3nsHUaNvWg==,PoT,39.293765408777
gemini-1.5-flash-002,EI36aLEOUVXUaobJieSVIffrC65G3nsHUaNvWg==,PoT,38.262252939417984
gemini-1.5-flash-002,EI36aLEOUVXUaobJieSVIffrC65G3nsHUaNvWg==,PoT,39.293765408777
gemini-1.5-flash-002,EI36aLEOUVXUaobJieSVIffrC65G3nsHUaNvWg==,PoT,38.262252939417984
gemini-1.5-flash-002,EI36aLEOUVXUaobJieSVIffrC65G3nsHUaNvWg==,PoT,38.262252939417984
gemini-1.5-flash-002,EI36aLEOUVXUaobJieSVIffrC65G3nsHUaNvWg==,PoT,39.293765408777
gemini-1.5-flash-002,EI36aLEOUVXUaobJieSVIffrC65G3nsHUaNvWg==,PoT,38.262252939417984
gemini-1.5-flash-002,EI36aLEOUVXUaobJieSVIffrC65G3nsHUaNvWg==,PoT,38.262252939417984
gemini-1.5-flash-002,EI36aLEOUVXUaobJieSVIffrC65G3nsHUaNvWg==,PoT,38.262252939417984
gemini-1.5-flash-002,EI36aLEOUVXUaobJieSVIffrC65G3nsHUaNvWg==,PoT,38.34057902536163
gemini-1.5-flash-002,EI36aLEOUVXUaobJieSVIffrC65G3nsHUaNvWg==,PoT,38.262252939417984
gemini-1.5-flash-002,EI36aLEOUVXUaobJieSVIffrC65G3nsHUaNvWg==,PoT,39.293765408777
gemini-1.5-flash-002,EI36aLEOUVXUaobJieSVIffrC65G3nsHUaNvWg==,PoT,39.293765408777
gemini-1.5-flash-002,EI36aLEOUVXUaobJieSVIffrC65G3nsHUaNvWg==,PoT,39.293765408777
gemini-1.5-flash-002,EI36aLEOUVXUaobJieSVIffrC65G3nsHUaNvWg==,PoT,38.262252939417984
gemini-1.5-flash-002,EI36aLEOUVXUaobJieSVIffrC65G3nsHUaNvWg==,PoT,39.293765408777
gemini-1.5-flash-002,EI36aLEOUVXUaobJieSVIffrC65G3nsHUaNvWg==,PoT,39.293765408777
gemini-1.5-flash-002,EI36aLEOUVXUaobJieSVIffrC65G3nsHUaNvWg==,PoT,38.262252939417984
gemini-1.5-flash-002,EI36aLEOUVXUaobJieSVIffrC65G3nsHUaNvWg==,PoT,38.262252939417984
gemini-1.5-flash-002,EI36aLEOUVXUaobJieSVIffrC65G3nsHUaNvWg==,PoT,39.293765408777
gemini-1.5-flash-002,EI36aLEOUVXUaobJieSVIffrC65G3nsHUaNvWg==,PoT,38.262252939417984
gemini-1.5-flash-002,EI36aLEOUVXUaobJieSVIffrC65G3nsHUaNvWg==,PoT,39.293765408777
gemini-1.5-flash-002,EI36aLEOUVXUaobJieSVIffrC65G3nsHUaNvWg==,PoT,39.293765408777
gemini-1.5-flash-002,EI36aLEOUVXUaobJieSVIffrC65G3nsHUaNvWg==,PoT,39.293765408777
gemini-1.5-flash-002,EI36aLEOUVXUaobJieSVIffrC65G3nsHUaNvWg==,PoT,39.293765408777
gemini-1.5-flash-002,EI36aLEOUVXUaobJieSVIffrC65G3nsHUaNvWg==,PoT,38.262252939417984
gemini-1.5-flash-002,EI36aLEOUVXUaobJieSVIffrC65G3nsHUaNvWg==,PoT,38.262252939417984
gemini-1.5-flash-002,EI36aLEOUVXUaobJieSVIffrC65G3nsHUaNvWg==,PoT,39.293765408777
gemini-1.5-flash-002,EI36aLEOUVXUaobJieSVIffrC65G3nsHUaNvWg==,PoT,39.293765408777
gemini-1.5-flash-002,EI36aLEOUVXUaobJieSVIffrC65G3nsHUaNvWg==,PoT,39.293765408777
gemini-1.5-flash-002,EI36aLEOUVXUaobJieSVIffrC65G3nsHUaNvWg==,PoT,39.293765408777
gemini-1.5-flash-002,EI36aLEOUVXUaobJieSVIffrC65G3nsHUaNvWg==,PoT,39.293765408777
gemini-1.5-flash-002,EI36aLEOUVXUaobJieSVIffrC65G3nsHUaNvWg==,PoT,38.262252939417984
gemini-1.5-flash-002,EI36aLEOUVXUaobJieSVIffrC65G3nsHUaNvWg==,PoT,39.293765408777
gemini-1.5-flash-002,EI36aLEOUVXUaobJieSVIffrC65G3nsHUaNvWg==,PoT,39.293765408777
gemini-1.5-flash-002,EI36aLEOUVXUaobJieSVIffrC65G3nsHUaNvWg==,PoT,38.262252939417984
gemini-1.5-flash-002,EI36aLEOUVXUaobJieSVIffrC65G3nsHUaNvWg==,PoT,38.262252939417984
gemini-1.5-flash-002,EI36aLEOUVXUaobJieSVIffrC65G3nsHUaNvWg==,PoT,39.293765408777
gemini-1.5-flash-002,EI36aLEOUVXUaobJieSVIffrC65G3nsHUaNvWg==,PoT,38.262252939417984
gemini-1.5-flash-002,EI36aLEOUVXUaobJieSVIffrC65G3nsHUaNvWg==,PoT,38.262252939417984
gemini-1.5-flash-002,EI36aLEOUVXUaobJieSVIffrC65G3nsHUaNvWg==,PoT,38.262252939417984
gemini-1.5-flash-002,EI36aLEOUVXUaobJieSVIffrC65G3nsHUaNvWg==,PoT,38.262252939417984
gemini-1.5-flash-002,EI36aLEOUVXUaobJieSVIffrC65G3nsHUaNvWg==,PoT,39.293765408777
gemini-1.5-flash-002,EI36aLEOUVXUaobJieSVIffrC65G3nsHUaNvWg==,PoT,38.262252939417984
gemini-1.5-flash-002,EI36aLEOUVXUaobJieSVIffrC65G3nsHUaNvWg==,PoT,39.293765408777
gemini-1.5-flash-002,EI36aLEOUVXUaobJieSVIffrC65G3nsHUaNvWg==,PoT,39.293765408777
gemini-1.5-flash-002,EI36aLEOUVXUaobJieSVIffrC65G3nsHUaNvWg==,PoT,39.293765408777
gemini-1.5-flash-002,EI36aLEOUVXUaobJieSVIffrC65G3nsHUaNvWg==,PoT,38.34057902536163
gemini-1.5-flash-002,EI36aLEOUVXUaobJieSVIffrC65G3nsHUaNvWg==,PoT,38.34057902536163
gemini-1.5-flash-002,EI36aLEOUVXUaobJieSVIffrC65G3nsHUaNvWg==,PoT,39.293765408777
gemini-1.5-flash-002,fUyuU8aCfEWrAePEtmb8oc17UWFZh4DN9rZKcw==,PoT,39.293765408777
gemini-1.5-flash-002,fUyuU8aCfEWrAePEtmb8oc17UWFZh4DN9rZKcw==,PoT,38.262252939417984
gemini-1.5-flash-002,fUyuU8aCfEWrAePEtmb8oc17UWFZh4DN9rZKcw==,PoT,38.262252939417984
gemini-1.5-flash-002,fUyuU8aCfEWrAePEtmb8oc17UWFZh4DN9rZKcw==,PoT,39.293765408777
gemini-1.5-flash-002,fUyuU8aCfEWrAePEtmb8oc17UWFZh4DN9rZKcw==,PoT,39.293765408777
gemini-1.5-flash-002,fUyuU8aCfEWrAePEtmb8oc17UWFZh4DN9rZKcw==,PoT,39.293765408777
gemini-1.5-flash-002,fUyuU8aCfEWrAePEtmb8oc17UWFZh4DN9rZKcw==,PoT,39.293765408777
gemini-1.5-flash-002,fUyuU8aCfEWrAePEtmb8oc17UWFZh4DN9rZKcw==,PoT,39.293765408777
gemini-1.5-flash-002,fUyuU8aCfEWrAePEtmb8oc17UWFZh4DN9rZKcw==,PoT,39.293765408777
gemini-1.5-flash-002,fUyuU8aCfEWrAePEtmb8oc17UWFZh4DN9rZKcw==,PoT,39.293765408777
gemini-1.5-flash-002,fUyuU8aCfEWrAePEtmb8oc17UWFZh4DN9rZKcw==,PoT,39.293765408777
gemini-1.5-flash-002,fUyuU8aCfEWrAePEtmb8oc17UWFZh4DN9rZKcw==,PoT,39.293765408777
gemini-1.5-flash-002,fUyuU8aCfEWrAePEtmb8oc17UWFZh4DN9rZKcw==,PoT,38.262252939417984
gemini-1.5-flash-002,fUyuU8aCfEWrAePEtmb8oc17UWFZh4DN9rZKcw==,PoT,39.293765408777
gemini-1.5-flash-002,fUyuU8aCfEWrAePEtmb8oc17UWFZh4DN9rZKcw==,PoT,39.293765408777
gemini-1.5-flash-002,fUyuU8aCfEWrAePEtmb8oc17UWFZh4DN9rZKcw==,PoT,39.293765408777
gemini-1.5-flash-002,fUyuU8aCfEWrAePEtmb8oc17UWFZh4DN9rZKcw==,PoT,39.293765408777
gemini-1.5-flash-002,fUyuU8aCfEWrAePEtmb8oc17UWFZh4DN9rZKcw==,PoT,39.293765408777
gemini-1.5-flash-002,fUyuU8aCfEWrAePEtmb8oc17UWFZh4DN9rZKcw==,PoT,39.293765408777
gemini-1.5-flash-002,fUyuU8aCfEWrAePEtmb8oc17UWFZh4DN9rZKcw==,PoT,38.34057902536163
gemini-1.5-flash-002,fUyuU8aCfEWrAePEtmb8oc17UWFZh4DN9rZKcw==,PoT,39.293765408777
gemini-1.5-flash-002,fUyuU8aCfEWrAePEtmb8oc17UWFZh4DN9rZKcw==,PoT,38.262252939417984
gemini-1.5-flash-002,fUyuU8aCfEWrAePEtmb8oc17UWFZh4DN9rZKcw==,PoT,39.293765408777
gemini-1.5-flash-002,fUyuU8aCfEWrAePEtmb8oc17UWFZh4DN9rZKcw==,PoT,39.293765408777
gemini-1.5-flash-002,fUyuU8aCfEWrAePEtmb8oc17UWFZh4DN9rZKcw==,PoT,38.262252939417984
gemini-1.5-flash-002,fUyuU8aCfEWrAePEtmb8oc17UWFZh4DN9rZKcw==,PoT,38.262252939417984
gemini-1.5-flash-002,fUyuU8aCfEWrAePEtmb8oc17UWFZh4DN9rZKcw==,PoT,38.262252939417984
gemini-1.5-flash-002,fUyuU8aCfEWrAePEtmb8oc17UWFZh4DN9rZKcw==,PoT,38.34057902536163
gemini-1.5-flash-002,fUyuU8aCfEWrAePEtmb8oc17UWFZh4DN9rZKcw==,PoT,38.262252939417984
gemini-1.5-flash-002,fUyuU8aCfEWrAePEtmb8oc17UWFZh4DN9rZKcw==,PoT,39.293765408777
gemini-1.5-flash-002,fUyuU8aCfEWrAePEtmb8oc17UWFZh4DN9rZKcw==,PoT,39.293765408777
gemini-1.5-flash-002,fUyuU8aCfEWrAePEtmb8oc17UWFZh4DN9rZKcw==,PoT,38.262252939417984
gemini-1.5-flash-002,fUyuU8aCfEWrAePEtmb8oc17UWFZh4DN9rZKcw==,PoT,38.34057902536163
gemini-1.5-flash-002,fUyuU8aCfEWrAePEtmb8oc17UWFZh4DN9rZKcw==,PoT,39.293765408777
gemini-1.5-flash-002,fUyuU8aCfEWrAePEtmb8oc17UWFZh4DN9rZKcw==,PoT,39.293765408777
gemini-1.5-flash-002,fUyuU8aCfEWrAePEtmb8oc17UWFZh4DN9rZKcw==,PoT,39.293765408777
gemini-1.5-flash-002,fUyuU8aCfEWrAePEtmb8oc17UWFZh4DN9rZKcw==,PoT,39.293765408777
gemini-1.5-flash-002,fUyuU8aCfEWrAePEtmb8oc17UWFZh4DN9rZKcw==,PoT,38.262252939417984
gemini-1.5-flash-002,fUyuU8aCfEWrAePEtmb8oc17UWFZh4DN9rZKcw==,PoT,38.262252939417984
gemini-1.5-flash-002,fUyuU8aCfEWrAePEtmb8oc17UWFZh4DN9rZKcw==,PoT,38.262252939417984
gemini-1.5-flash-002,fUyuU8aCfEWrAePEtmb8oc17UWFZh4DN9rZKcw==,PoT,39.293765408777
gemini-1.5-flash-002,fUyuU8aCfEWrAePEtmb8oc17UWFZh4DN9rZKcw==,PoT,38.262252939417984
gemini-1.5-flash-002,fUyuU8aCfEWrAePEtmb8oc17UWFZh4DN9rZKcw==,PoT,39.293765408777
gemini-1.5-flash-002,fUyuU8aCfEWrAePEtmb8oc17UWFZh4DN9rZKcw==,PoT,38.262252939417984
gemini-1.5-flash-002,fUyuU8aCfEWrAePEtmb8oc17UWFZh4DN9rZKcw==,PoT,39.293765408777
gemini-1.5-flash-002,fUyuU8aCfEWrAePEtmb8oc17UWFZh4DN9rZKcw==,PoT,38.262252939417984
gemini-1.5-flash-002,fUyuU8aCfEWrAePEtmb8oc17UWFZh4DN9rZKcw==,PoT,39.293765408777
gemini-1.5-flash-002,fUyuU8aCfEWrAePEtmb8oc17UWFZh4DN9rZKcw==,PoT,38.262252939417984
gemini-1.5-flash-002,fUyuU8aCfEWrAePEtmb8oc17UWFZh4DN9rZKcw==,PoT,39.293765408777
gemini-1.5-flash-002,fUyuU8aCfEWrAePEtmb8oc17UWFZh4DN9rZKcw==,PoT,39.293765408777
gemini-1.5-flash-002,fUyuU8aCfEWrAePEtmb8oc17UWFZh4DN9rZKcw==,PoT,39.293765408777
gemini-1.5-flash-002,fUyuU8aCfEWrAePEtmb8oc17UWFZh4DN9rZKcw==,PoT,38.262252939417984
gemini-1.5-flash-002,fUyuU8aCfEWrAePEtmb8oc17UWFZh4DN9rZKcw==,PoT,38.262252939417984
gemini-1.5-flash-002,fUyuU8aCfEWrAePEtmb8oc17UWFZh4DN9rZKcw==,PoT,39.293765408777
gemini-1.5-flash-002,fUyuU8aCfEWrAePEtmb8oc17UWFZh4DN9rZKcw==,PoT,39.293765408777
gemini-1.5-flash-002,fUyuU8aCfEWrAePEtmb8oc17UWFZh4DN9rZKcw==,PoT,39.293765408777
gemini-1.5-flash-002,fUyuU8aCfEWrAePEtmb8oc17UWFZh4DN9rZKcw==,PoT,38.262252939417984
gemini-1.5-flash-002,fUyuU8aCfEWrAePEtmb8oc17UWFZh4DN9rZKcw==,PoT,38.262252939417984
gemini-1.5-flash-002,fUyuU8aCfEWrAePEtmb8oc17UWFZh4DN9rZKcw==,PoT,39.293765408777
gemini-1.5-flash-002,fUyuU8aCfEWrAePEtmb8oc17UWFZh4DN9rZKcw==,PoT,38.262252939417984
gemini-1.5-flash-002,fUyuU8aCfEWrAePEtmb8oc17UWFZh4DN9rZKcw==,PoT,38.262252939417984
gemini-1.5-flash-002,fUyuU8aCfEWrAePEtmb8oc17UWFZh4DN9rZKcw==,PoT,38.262252939417984
gemini-1.5-flash-002,fUyuU8aCfEWrAePEtmb8oc17UWFZh4DN9rZKcw==,PoT,39.293765408777
gemini-1.5-flash-002,fUyuU8aCfEWrAePEtmb8oc17UWFZh4DN9rZKcw==,PoT,39.293765408777
gemini-1.5-flash-002,fUyuU8aCfEWrAePEtmb8oc17UWFZh4DN9rZKcw==,PoT,38.262252939417984
gemini-1.5-flash-002,fUyuU8aCfEWrAePEtmb8oc17UWFZh4DN9rZKcw==,PoT,39.293765408777
gemini-1.5-flash-002,fUyuU8aCfEWrAePEtmb8oc17UWFZh4DN9rZKcw==,PoT,38.948684188300895
gemini-1.5-flash-002,fUyuU8aCfEWrAePEtmb8oc17UWFZh4DN9rZKcw==,PoT,38.262252939417984
gemini-1.5-flash-002,fUyuU8aCfEWrAePEtmb8oc17UWFZh4DN9rZKcw==,PoT,39.293765408777
gemini-1.5-flash-002,fUyuU8aCfEWrAePEtmb8oc17UWFZh4DN9rZKcw==,PoT,38.262252939417984
gemini-1.5-flash-002,fUyuU8aCfEWrAePEtmb8oc17UWFZh4DN9rZKcw==,PoT,38.262252939417984
gemini-1.5-flash-002,fUyuU8aCfEWrAePEtmb8oc17UWFZh4DN9rZKcw==,PoT,39.293765408777
gemini-1.5-flash-002,fUyuU8aCfEWrAePEtmb8oc17UWFZh4DN9rZKcw==,PoT,39.293765408777
gemini-1.5-flash-002,fUyuU8aCfEWrAePEtmb8oc17UWFZh4DN9rZKcw==,PoT,39.293765408777
gemini-1.5-flash-002,fUyuU8aCfEWrAePEtmb8oc17UWFZh4DN9rZKcw==,PoT,38.262252939417984
gemini-1.5-flash-002,fUyuU8aCfEWrAePEtmb8oc17UWFZh4DN9rZKcw==,PoT,39.293765408777
gemini-1.5-flash-002,fUyuU8aCfEWrAePEtmb8oc17UWFZh4DN9rZKcw==,PoT,39.293765408777
gemini-1.5-flash-002,fUyuU8aCfEWrAePEtmb8oc17UWFZh4DN9rZKcw==,PoT,39.293765408777
gemini-1.5-flash-002,fUyuU8aCfEWrAePEtmb8oc17UWFZh4DN9rZKcw==,PoT,38.262252939417984
gemini-1.5-flash-002,fUyuU8aCfEWrAePEtmb8oc17UWFZh4DN9rZKcw==,PoT,39.293765408777
gemini-1.5-flash-002,fUyuU8aCfEWrAePEtmb8oc17UWFZh4DN9rZKcw==,PoT,38.262252939417984
gemini-1.5-flash-002,fUyuU8aCfEWrAePEtmb8oc17UWFZh4DN9rZKcw==,PoT,39.293765408777
gemini-1.5-flash-002,fUyuU8aCfEWrAePEtmb8oc17UWFZh4DN9rZKcw==,PoT,38.262252939417984
gemini-1.5-flash-002,fUyuU8aCfEWrAePEtmb8oc17UWFZh4DN9rZKcw==,PoT,39.293765408777
gemini-1.5-flash-002,fUyuU8aCfEWrAePEtmb8oc17UWFZh4DN9rZKcw==,PoT,39.293765408777
gemini-1.5-flash-002,fUyuU8aCfEWrAePEtmb8oc17UWFZh4DN9rZKcw==,PoT,39.293765408777
gemini-1.5-flash-002,fUyuU8aCfEWrAePEtmb8oc17UWFZh4DN9rZKcw==,PoT,39.293765408777
gemini-1.5-flash-002,fUyuU8aCfEWrAePEtmb8oc17UWFZh4DN9rZKcw==,PoT,39.293765408777
gemini-1.5-flash-002,fUyuU8aCfEWrAePEtmb8oc17UWFZh4DN9rZKcw==,PoT,38.262252939417984
gemini-1.5-flash-002,fUyuU8aCfEWrAePEtmb8oc17UWFZh4DN9rZKcw==,PoT,39.293765408777
gemini-1.5-flash-002,fUyuU8aCfEWrAePEtmb8oc17UWFZh4DN9rZKcw==,PoT,39.293765408777
gemini-1.5-flash-002,fUyuU8aCfEWrAePEtmb8oc17UWFZh4DN9rZKcw==,PoT,39.293765408777
gemini-1.5-flash-002,fUyuU8aCfEWrAePEtmb8oc17UWFZh4DN9rZKcw==,PoT,39.293765408777
gemini-1.5-flash-002,fUyuU8aCfEWrAePEtmb8oc17UWFZh4DN9rZKcw==,PoT,38.262252939417984
gemini-1.5-flash-002,fUyuU8aCfEWrAePEtmb8oc17UWFZh4DN9rZKcw==,PoT,38.262252939417984
gemini-1.5-flash-002,fUyuU8aCfEWrAePEtmb8oc17UWFZh4DN9rZKcw==,PoT,39.293765408777
gemini-1.5-flash-002,fUyuU8aCfEWrAePEtmb8oc17UWFZh4DN9rZKcw==,PoT,39.293765408777
gemini-1.5-flash-002,fUyuU8aCfEWrAePEtmb8oc17UWFZh4DN9rZKcw==,PoT,38.0
gemini-1.5-flash-002,fUyuU8aCfEWrAePEtmb8oc17UWFZh4DN9rZKcw==,PoT,38.262252939417984
gemini-1.5-flash-002,fUyuU8aCfEWrAePEtmb8oc17UWFZh4DN9rZKcw==,PoT,39.293765408777
gemini-1.5-flash-002,HfgTwNtWluA9oYzY23iqRIdQCpkJ9KEmRn320w==,PoT,38.262252939417984
gemini-1.5-flash-002,HfgTwNtWluA9oYzY23iqRIdQCpkJ9KEmRn320w==,PoT,39.293765408777
gemini-1.5-flash-002,HfgTwNtWluA9oYzY23iqRIdQCpkJ9KEmRn320w==,PoT,38.262252939417984
gemini-1.5-flash-002,HfgTwNtWluA9oYzY23iqRIdQCpkJ9KEmRn320w==,PoT,38.262252939417984
gemini-1.5-flash-002,HfgTwNtWluA9oYzY23iqRIdQCpkJ9KEmRn320w==,PoT,38.262252939417984
gemini-1.5-flash-002,HfgTwNtWluA9oYzY23iqRIdQCpkJ9KEmRn320w==,PoT,38.262252939417984
gemini-1.5-flash-002,HfgTwNtWluA9oYzY23iqRIdQCpkJ9KEmRn320w==,PoT,38.262252939417984
gemini-1.5-flash-002,HfgTwNtWluA9oYzY23iqRIdQCpkJ9KEmRn320w==,PoT,38.0
gemini-1.5-flash-002,HfgTwNtWluA9oYzY23iqRIdQCpkJ9KEmRn320w==,PoT,38.262252939417984
gemini-1.5-flash-002,HfgTwNtWluA9oYzY23iqRIdQCpkJ9KEmRn320w==,PoT,39.293765408777
gemini-1.5-flash-002,HfgTwNtWluA9oYzY23iqRIdQCpkJ9KEmRn320w==,PoT,39.293765408777
gemini-1.5-flash-002,HfgTwNtWluA9oYzY23iqRIdQCpkJ9KEmRn320w==,PoT,39.293765408777
gemini-1.5-flash-002,HfgTwNtWluA9oYzY23iqRIdQCpkJ9KEmRn320w==,PoT,38.262252939417984
gemini-1.5-flash-002,HfgTwNtWluA9oYzY23iqRIdQCpkJ9KEmRn320w==,PoT,38.262252939417984
gemini-1.5-flash-002,HfgTwNtWluA9oYzY23iqRIdQCpkJ9KEmRn320w==,PoT,38.262252939417984
gemini-1.5-flash-002,HfgTwNtWluA9oYzY23iqRIdQCpkJ9KEmRn320w==,PoT,38.262252939417984
gemini-1.5-flash-002,HfgTwNtWluA9oYzY23iqRIdQCpkJ9KEmRn320w==,PoT,39.293765408777
gemini-1.5-flash-002,HfgTwNtWluA9oYzY23iqRIdQCpkJ9KEmRn320w==,PoT,39.293765408777
gemini-1.5-flash-002,HfgTwNtWluA9oYzY23iqRIdQCpkJ9KEmRn320w==,PoT,38.262252939417984
gemini-1.5-flash-002,HfgTwNtWluA9oYzY23iqRIdQCpkJ9KEmRn320w==,PoT,38.0
gemini-1.5-flash-002,HfgTwNtWluA9oYzY23iqRIdQCpkJ9KEmRn320w==,PoT,39.293765408777
gemini-1.5-flash-002,HfgTwNtWluA9oYzY23iqRIdQCpkJ9KEmRn320w==,PoT,38.262252939417984
gemini-1.5-flash-002,HfgTwNtWluA9oYzY23iqRIdQCpkJ9KEmRn320w==,PoT,39.293765408777
gemini-1.5-flash-002,HfgTwNtWluA9oYzY23iqRIdQCpkJ9KEmRn320w==,PoT,39.293765408777
gemini-1.5-flash-002,HfgTwNtWluA9oYzY23iqRIdQCpkJ9KEmRn320w==,PoT,38.262252939417984
gemini-1.5-flash-002,HfgTwNtWluA9oYzY23iqRIdQCpkJ9KEmRn320w==,PoT,39.293765408777
gemini-1.5-flash-002,HfgTwNtWluA9oYzY23iqRIdQCpkJ9KEmRn320w==,PoT,39.293765408777
gemini-1.5-flash-002,HfgTwNtWluA9oYzY23iqRIdQCpkJ9KEmRn320w==,PoT,39.293765408777
gemini-1.5-flash-002,HfgTwNtWluA9oYzY23iqRIdQCpkJ9KEmRn320w==,PoT,39.293765408777
gemini-1.5-flash-002,HfgTwNtWluA9oYzY23iqRIdQCpkJ9KEmRn320w==,PoT,39.293765408777
gemini-1.5-flash-002,HfgTwNtWluA9oYzY23iqRIdQCpkJ9KEmRn320w==,PoT,38.262252939417984
gemini-1.5-flash-002,HfgTwNtWluA9oYzY23iqRIdQCpkJ9KEmRn320w==,PoT,38.262252939417984
gemini-1.5-flash-002,HfgTwNtWluA9oYzY23iqRIdQCpkJ9KEmRn320w==,PoT,38.262252939417984
gemini-1.5-flash-002,HfgTwNtWluA9oYzY23iqRIdQCpkJ9KEmRn320w==,PoT,39.293765408777
gemini-1.5-flash-002,HfgTwNtWluA9oYzY23iqRIdQCpkJ9KEmRn320w==,PoT,39.293765408777
gemini-1.5-flash-002,HfgTwNtWluA9oYzY23iqRIdQCpkJ9KEmRn320w==,PoT,38.262252939417984
gemini-1.5-flash-002,HfgTwNtWluA9oYzY23iqRIdQCpkJ9KEmRn320w==,PoT,38.262252939417984
gemini-1.5-flash-002,HfgTwNtWluA9oYzY23iqRIdQCpkJ9KEmRn320w==,PoT,38.262252939417984
gemini-1.5-flash-002,HfgTwNtWluA9oYzY23iqRIdQCpkJ9KEmRn320w==,PoT,38.262252939417984
gemini-1.5-flash-002,HfgTwNtWluA9oYzY23iqRIdQCpkJ9KEmRn320w==,PoT,38.262252939417984
gemini-1.5-flash-002,HfgTwNtWluA9oYzY23iqRIdQCpkJ9KEmRn320w==,PoT,39.293765408777
gemini-1.5-flash-002,HfgTwNtWluA9oYzY23iqRIdQCpkJ9KEmRn320w==,PoT,39.293765408777
gemini-1.5-flash-002,HfgTwNtWluA9oYzY23iqRIdQCpkJ9KEmRn320w==,PoT,39.293765408777
gemini-1.5-flash-002,HfgTwNtWluA9oYzY23iqRIdQCpkJ9KEmRn320w==,PoT,38.262252939417984
gemini-1.5-flash-002,HfgTwNtWluA9oYzY23iqRIdQCpkJ9KEmRn320w==,PoT,38.948684188300895
gemini-1.5-flash-002,HfgTwNtWluA9oYzY23iqRIdQCpkJ9KEmRn320w==,PoT,39.293765408777
gemini-1.5-flash-002,HfgTwNtWluA9oYzY23iqRIdQCpkJ9KEmRn320w==,PoT,39.293765408777
gemini-1.5-flash-002,HfgTwNtWluA9oYzY23iqRIdQCpkJ9KEmRn320w==,PoT,38.262252939417984
gemini-1.5-flash-002,HfgTwNtWluA9oYzY23iqRIdQCpkJ9KEmRn320w==,PoT,38.600518131237564
gemini-1.5-flash-002,HfgTwNtWluA9oYzY23iqRIdQCpkJ9KEmRn320w==,PoT,38.262252939417984
gemini-1.5-flash-002,HfgTwNtWluA9oYzY23iqRIdQCpkJ9KEmRn320w==,PoT,39.293765408777
gemini-1.5-flash-002,HfgTwNtWluA9oYzY23iqRIdQCpkJ9KEmRn320w==,PoT,38.262252939417984
gemini-1.5-flash-002,HfgTwNtWluA9oYzY23iqRIdQCpkJ9KEmRn320w==,PoT,39.293765408777
gemini-1.5-flash-002,HfgTwNtWluA9oYzY23iqRIdQCpkJ9KEmRn320w==,PoT,38.262252939417984
gemini-1.5-flash-002,HfgTwNtWluA9oYzY23iqRIdQCpkJ9KEmRn320w==,PoT,39.293765408777
gemini-1.5-flash-002,HfgTwNtWluA9oYzY23iqRIdQCpkJ9KEmRn320w==,PoT,38.262252939417984
gemini-1.5-flash-002,HfgTwNtWluA9oYzY23iqRIdQCpkJ9KEmRn320w==,PoT,38.262252939417984
gemini-1.5-flash-002,HfgTwNtWluA9oYzY23iqRIdQCpkJ9KEmRn320w==,PoT,38.262252939417984
gemini-1.5-flash-002,HfgTwNtWluA9oYzY23iqRIdQCpkJ9KEmRn320w==,PoT,39.293765408777
gemini-1.5-flash-002,HfgTwNtWluA9oYzY23iqRIdQCpkJ9KEmRn320w==,PoT,38.0
gemini-1.5-flash-002,HfgTwNtWluA9oYzY23iqRIdQCpkJ9KEmRn320w==,PoT,39.293765408777
gemini-1.5-flash-002,HfgTwNtWluA9oYzY23iqRIdQCpkJ9KEmRn320w==,PoT,38.262252939417984
gemini-1.5-flash-002,HfgTwNtWluA9oYzY23iqRIdQCpkJ9KEmRn320w==,PoT,39.293765408777
gemini-1.5-flash-002,HfgTwNtWluA9oYzY23iqRIdQCpkJ9KEmRn320w==,PoT,39.293765408777
gemini-1.5-flash-002,HfgTwNtWluA9oYzY23iqRIdQCpkJ9KEmRn320w==,PoT,38.262252939417984
gemini-1.5-flash-002,HfgTwNtWluA9oYzY23iqRIdQCpkJ9KEmRn320w==,PoT,39.293765408777
gemini-1.5-flash-002,HfgTwNtWluA9oYzY23iqRIdQCpkJ9KEmRn320w==,PoT,39.293765408777
gemini-1.5-flash-002,HfgTwNtWluA9oYzY23iqRIdQCpkJ9KEmRn320w==,PoT,38.262252939417984
gemini-1.5-flash-002,HfgTwNtWluA9oYzY23iqRIdQCpkJ9KEmRn320w==,PoT,39.293765408777
gemini-1.5-flash-002,HfgTwNtWluA9oYzY23iqRIdQCpkJ9KEmRn320w==,PoT,38.262252939417984
gemini-1.5-flash-002,HfgTwNtWluA9oYzY23iqRIdQCpkJ9KEmRn320w==,PoT,39.293765408777
gemini-1.5-flash-002,HfgTwNtWluA9oYzY23iqRIdQCpkJ9KEmRn320w==,PoT,39.293765408777
gemini-1.5-flash-002,HfgTwNtWluA9oYzY23iqRIdQCpkJ9KEmRn320w==,PoT,39.293765408777
gemini-1.5-flash-002,HfgTwNtWluA9oYzY23iqRIdQCpkJ9KEmRn320w==,PoT,38.262252939417984
gemini-1.5-flash-002,HfgTwNtWluA9oYzY23iqRIdQCpkJ9KEmRn320w==,PoT,38.262252939417984
gemini-1.5-flash-002,HfgTwNtWluA9oYzY23iqRIdQCpkJ9KEmRn320w==,PoT,39.293765408777
gemini-1.5-flash-002,HfgTwNtWluA9oYzY23iqRIdQCpkJ9KEmRn320w==,PoT,38.262252939417984
gemini-1.5-flash-002,HfgTwNtWluA9oYzY23iqRIdQCpkJ9KEmRn320w==,PoT,39.293765408777
gemini-1.5-flash-002,HfgTwNtWluA9oYzY23iqRIdQCpkJ9KEmRn320w==,PoT,38.262252939417984
gemini-1.5-flash-002,HfgTwNtWluA9oYzY23iqRIdQCpkJ9KEmRn320w==,PoT,38.262252939417984
gemini-1.5-flash-002,HfgTwNtWluA9oYzY23iqRIdQCpkJ9KEmRn320w==,PoT,39.293765408777
gemini-1.5-flash-002,HfgTwNtWluA9oYzY23iqRIdQCpkJ9KEmRn320w==,PoT,38.34057902536163
gemini-1.5-flash-002,HfgTwNtWluA9oYzY23iqRIdQCpkJ9KEmRn320w==,PoT,39.293765408777
gemini-1.5-flash-002,HfgTwNtWluA9oYzY23iqRIdQCpkJ9KEmRn320w==,PoT,38.34057902536163
gemini-1.5-flash-002,HfgTwNtWluA9oYzY23iqRIdQCpkJ9KEmRn320w==,PoT,38.262252939417984
gemini-1.5-flash-002,HfgTwNtWluA9oYzY23iqRIdQCpkJ9KEmRn320w==,PoT,38.948684188300895
gemini-1.5-flash-002,HfgTwNtWluA9oYzY23iqRIdQCpkJ9KEmRn320w==,PoT,38.262252939417984
gemini-1.5-flash-002,HfgTwNtWluA9oYzY23iqRIdQCpkJ9KEmRn320w==,PoT,39.293765408777
gemini-1.5-flash-002,HfgTwNtWluA9oYzY23iqRIdQCpkJ9KEmRn320w==,PoT,39.293765408777
gemini-1.5-flash-002,HfgTwNtWluA9oYzY23iqRIdQCpkJ9KEmRn320w==,PoT,38.262252939417984
gemini-1.5-flash-002,HfgTwNtWluA9oYzY23iqRIdQCpkJ9KEmRn320w==,PoT,38.262252939417984
gemini-1.5-flash-002,HfgTwNtWluA9oYzY23iqRIdQCpkJ9KEmRn320w==,PoT,39.293765408777
gemini-1.5-flash-002,HfgTwNtWluA9oYzY23iqRIdQCpkJ9KEmRn320w==,PoT,38.262252939417984
gemini-1.5-flash-002,HfgTwNtWluA9oYzY23iqRIdQCpkJ9KEmRn320w==,PoT,39.293765408777
gemini-1.5-flash-002,HfgTwNtWluA9oYzY23iqRIdQCpkJ9KEmRn320w==,PoT,39.293765408777
gemini-1.5-flash-002,HfgTwNtWluA9oYzY23iqRIdQCpkJ9KEmRn320w==,PoT,38.262252939417984
gemini-1.5-flash-002,HfgTwNtWluA9oYzY23iqRIdQCpkJ9KEmRn320w==,PoT,39.293765408777
gemini-1.5-flash-002,HfgTwNtWluA9oYzY23iqRIdQCpkJ9KEmRn320w==,PoT,39.293765408777
gemini-1.5-flash-002,HfgTwNtWluA9oYzY23iqRIdQCpkJ9KEmRn320w==,PoT,39.293765408777
gemini-1.5-flash-002,HfgTwNtWluA9oYzY23iqRIdQCpkJ9KEmRn320w==,PoT,38.600518131237564
gemini-1.5-flash-002,q1_m7X2LC4GpkD9pGZPUgdKEh1GHdAAAJoqPMA==,PoT,38.262252939417984
gemini-1.5-flash-002,q1_m7X2LC4GpkD9pGZPUgdKEh1GHdAAAJoqPMA==,PoT,39.293765408777
gemini-1.5-flash-002,q1_m7X2LC4GpkD9pGZPUgdKEh1GHdAAAJoqPMA==,PoT,38.262252939417984
gemini-1.5-flash-002,q1_m7X2LC4GpkD9pGZPUgdKEh1GHdAAAJoqPMA==,PoT,38.262252939417984
gemini-1.5-flash-002,q1_m7X2LC4GpkD9pGZPUgdKEh1GHdAAAJoqPMA==,PoT,39.293765408777
gemini-1.5-flash-002,q1_m7X2LC4GpkD9pGZPUgdKEh1GHdAAAJoqPMA==,PoT,38.262252939417984
gemini-1.5-flash-002,q1_m7X2LC4GpkD9pGZPUgdKEh1GHdAAAJoqPMA==,PoT,39.293765408777
gemini-1.5-flash-002,q1_m7X2LC4GpkD9pGZPUgdKEh1GHdAAAJoqPMA==,PoT,39.293765408777
gemini-1.5-flash-002,q1_m7X2LC4GpkD9pGZPUgdKEh1GHdAAAJoqPMA==,PoT,39.293765408777
gemini-1.5-flash-002,q1_m7X2LC4GpkD9pGZPUgdKEh1GHdAAAJoqPMA==,PoT,38.34057902536163
gemini-1.5-flash-002,q1_m7X2LC4GpkD9pGZPUgdKEh1GHdAAAJoqPMA==,PoT,39.293765408777
gemini-1.5-flash-002,q1_m7X2LC4GpkD9pGZPUgdKEh1GHdAAAJoqPMA==,PoT,39.293765408777
gemini-1.5-flash-002,q1_m7X2LC4GpkD9pGZPUgdKEh1GHdAAAJoqPMA==,PoT,39.293765408777
gemini-1.5-flash-002,q1_m7X2LC4GpkD9pGZPUgdKEh1GHdAAAJoqPMA==,PoT,39.293765408777
gemini-1.5-flash-002,q1_m7X2LC4GpkD9pGZPUgdKEh1GHdAAAJoqPMA==,PoT,39.293765408777
gemini-1.5-flash-002,q1_m7X2LC4GpkD9pGZPUgdKEh1GHdAAAJoqPMA==,PoT,39.293765408777
gemini-1.5-flash-002,q1_m7X2LC4GpkD9pGZPUgdKEh1GHdAAAJoqPMA==,PoT,39.293765408777
gemini-1.5-flash-002,q1_m7X2LC4GpkD9pGZPUgdKEh1GHdAAAJoqPMA==,PoT,38.0
gemini-1.5-flash-002,q1_m7X2LC4GpkD9pGZPUgdKEh1GHdAAAJoqPMA==,PoT,39.293765408777
gemini-1.5-flash-002,q1_m7X2LC4GpkD9pGZPUgdKEh1GHdAAAJoqPMA==,PoT,39.293765408777
gemini-1.5-flash-002,q1_m7X2LC4GpkD9pGZPUgdKEh1GHdAAAJoqPMA==,PoT,39.293765408777
gemini-1.5-flash-002,q1_m7X2LC4GpkD9pGZPUgdKEh1GHdAAAJoqPMA==,PoT,38.262252939417984
gemini-1.5-flash-002,q1_m7X2LC4GpkD9pGZPUgdKEh1GHdAAAJoqPMA==,PoT,38.262252939417984
gemini-1.5-flash-002,q1_m7X2LC4GpkD9pGZPUgdKEh1GHdAAAJoqPMA==,PoT,38.262252939417984
gemini-1.5-flash-002,q1_m7X2LC4GpkD9pGZPUgdKEh1GHdAAAJoqPMA==,PoT,39.293765408777
gemini-1.5-flash-002,q1_m7X2LC4GpkD9pGZPUgdKEh1GHdAAAJoqPMA==,PoT,38.262252939417984
gemini-1.5-flash-002,q1_m7X2LC4GpkD9pGZPUgdKEh1GHdAAAJoqPMA==,PoT,38.262252939417984
gemini-1.5-flash-002,q1_m7X2LC4GpkD9pGZPUgdKEh1GHdAAAJoqPMA==,PoT,39.293765408777
gemini-1.5-flash-002,q1_m7X2LC4GpkD9pGZPUgdKEh1GHdAAAJoqPMA==,PoT,39.293765408777
gemini-1.5-flash-002,q1_m7X2LC4GpkD9pGZPUgdKEh1GHdAAAJoqPMA==,PoT,39.293765408777
gemini-1.5-flash-002,q1_m7X2LC4GpkD9pGZPUgdKEh1GHdAAAJoqPMA==,PoT,39.293765408777
gemini-1.5-flash-002,q1_m7X2LC4GpkD9pGZPUgdKEh1GHdAAAJoqPMA==,PoT,39.293765408777
gemini-1.5-flash-002,q1_m7X2LC4GpkD9pGZPUgdKEh1GHdAAAJoqPMA==,PoT,39.293765408777
gemini-1.5-flash-002,q1_m7X2LC4GpkD9pGZPUgdKEh1GHdAAAJoqPMA==,PoT,39.293765408777
gemini-1.5-flash-002,q1_m7X2LC4GpkD9pGZPUgdKEh1GHdAAAJoqPMA==,PoT,39.293765408777
gemini-1.5-flash-002,q1_m7X2LC4GpkD9pGZPUgdKEh1GHdAAAJoqPMA==,PoT,39.293765408777
gemini-1.5-flash-002,q1_m7X2LC4GpkD9pGZPUgdKEh1GHdAAAJoqPMA==,PoT,39.293765408777
gemini-1.5-flash-002,q1_m7X2LC4GpkD9pGZPUgdKEh1GHdAAAJoqPMA==,PoT,39.293765408777
gemini-1.5-flash-002,q1_m7X2LC4GpkD9pGZPUgdKEh1GHdAAAJoqPMA==,PoT,38.262252939417984
gemini-1.5-flash-002,q1_m7X2LC4GpkD9pGZPUgdKEh1GHdAAAJoqPMA==,PoT,39.293765408777
gemini-1.5-flash-002,q1_m7X2LC4GpkD9pGZPUgdKEh1GHdAAAJoqPMA==,PoT,39.293765408777
gemini-1.5-flash-002,q1_m7X2LC4GpkD9pGZPUgdKEh1GHdAAAJoqPMA==,PoT,38.262252939417984
gemini-1.5-flash-002,q1_m7X2LC4GpkD9pGZPUgdKEh1GHdAAAJoqPMA==,PoT,39.293765408777
gemini-1.5-flash-002,q1_m7X2LC4GpkD9pGZPUgdKEh1GHdAAAJoqPMA==,PoT,38.262252939417984
gemini-1.5-flash-002,q1_m7X2LC4GpkD9pGZPUgdKEh1GHdAAAJoqPMA==,PoT,39.293765408777
gemini-1.5-flash-002,q1_m7X2LC4GpkD9pGZPUgdKEh1GHdAAAJoqPMA==,PoT,38.262252939417984
gemini-1.5-flash-002,q1_m7X2LC4GpkD9pGZPUgdKEh1GHdAAAJoqPMA==,PoT,38.262252939417984
gemini-1.5-flash-002,q1_m7X2LC4GpkD9pGZPUgdKEh1GHdAAAJoqPMA==,PoT,38.262252939417984
gemini-1.5-flash-002,q1_m7X2LC4GpkD9pGZPUgdKEh1GHdAAAJoqPMA==,PoT,39.293765408777
gemini-1.5-flash-002,q1_m7X2LC4GpkD9pGZPUgdKEh1GHdAAAJoqPMA==,PoT,38.0
gemini-1.5-flash-002,q1_m7X2LC4GpkD9pGZPUgdKEh1GHdAAAJoqPMA==,PoT,39.293765408777
gemini-1.5-flash-002,q1_m7X2LC4GpkD9pGZPUgdKEh1GHdAAAJoqPMA==,PoT,39.293765408777
gemini-1.5-flash-002,q1_m7X2LC4GpkD9pGZPUgdKEh1GHdAAAJoqPMA==,PoT,39.293765408777
gemini-1.5-flash-002,q1_m7X2LC4GpkD9pGZPUgdKEh1GHdAAAJoqPMA==,PoT,39.293765408777
gemini-1.5-flash-002,q1_m7X2LC4GpkD9pGZPUgdKEh1GHdAAAJoqPMA==,PoT,39.293765408777
gemini-1.5-flash-002,q1_m7X2LC4GpkD9pGZPUgdKEh1GHdAAAJoqPMA==,PoT,38.262252939417984
gemini-1.5-flash-002,q1_m7X2LC4GpkD9pGZPUgdKEh1GHdAAAJoqPMA==,PoT,39.293765408777
gemini-1.5-flash-002,q1_m7X2LC4GpkD9pGZPUgdKEh1GHdAAAJoqPMA==,PoT,38.262252939417984
gemini-1.5-flash-002,q1_m7X2LC4GpkD9pGZPUgdKEh1GHdAAAJoqPMA==,PoT,38.262252939417984
gemini-1.5-flash-002,q1_m7X2LC4GpkD9pGZPUgdKEh1GHdAAAJoqPMA==,PoT,38.262252939417984
gemini-1.5-flash-002,q1_m7X2LC4GpkD9pGZPUgdKEh1GHdAAAJoqPMA==,PoT,39.293765408777
gemini-1.5-flash-002,q1_m7X2LC4GpkD9pGZPUgdKEh1GHdAAAJoqPMA==,PoT,38.34057902536163
gemini-1.5-flash-002,q1_m7X2LC4GpkD9pGZPUgdKEh1GHdAAAJoqPMA==,PoT,39.293765408777
gemini-1.5-flash-002,q1_m7X2LC4GpkD9pGZPUgdKEh1GHdAAAJoqPMA==,PoT,38.600518131237564
gemini-1.5-flash-002,q1_m7X2LC4GpkD9pGZPUgdKEh1GHdAAAJoqPMA==,PoT,38.262252939417984
gemini-1.5-flash-002,q1_m7X2LC4GpkD9pGZPUgdKEh1GHdAAAJoqPMA==,PoT,39.293765408777
gemini-1.5-flash-002,q1_m7X2LC4GpkD9pGZPUgdKEh1GHdAAAJoqPMA==,PoT,39.293765408777
gemini-1.5-flash-002,q1_m7X2LC4GpkD9pGZPUgdKEh1GHdAAAJoqPMA==,PoT,39.293765408777
gemini-1.5-flash-002,q1_m7X2LC4GpkD9pGZPUgdKEh1GHdAAAJoqPMA==,PoT,39.293765408777
gemini-1.5-flash-002,q1_m7X2LC4GpkD9pGZPUgdKEh1GHdAAAJoqPMA==,PoT,39.293765408777
gemini-1.5-flash-002,q1_m7X2LC4GpkD9pGZPUgdKEh1GHdAAAJoqPMA==,PoT,38.262252939417984
gemini-1.5-flash-002,q1_m7X2LC4GpkD9pGZPUgdKEh1GHdAAAJoqPMA==,PoT,38.0
gemini-1.5-flash-002,q1_m7X2LC4GpkD9pGZPUgdKEh1GHdAAAJoqPMA==,PoT,39.293765408777
gemini-1.5-flash-002,q1_m7X2LC4GpkD9pGZPUgdKEh1GHdAAAJoqPMA==,PoT,39.293765408777
gemini-1.5-flash-002,q1_m7X2LC4GpkD9pGZPUgdKEh1GHdAAAJoqPMA==,PoT,39.293765408777
gemini-1.5-flash-002,q1_m7X2LC4GpkD9pGZPUgdKEh1GHdAAAJoqPMA==,PoT,39.293765408777
gemini-1.5-flash-002,q1_m7X2LC4GpkD9pGZPUgdKEh1GHdAAAJoqPMA==,PoT,+
gemini-1.5-flash-002,q1_m7X2LC4GpkD9pGZPUgdKEh1GHdAAAJoqPMA==,PoT,38.262252939417984
gemini-1.5-flash-002,q1_m7X2LC4GpkD9pGZPUgdKEh1GHdAAAJoqPMA==,PoT,38.262252939417984
gemini-1.5-flash-002,q1_m7X2LC4GpkD9pGZPUgdKEh1GHdAAAJoqPMA==,PoT,38.262252939417984
gemini-1.5-flash-002,q1_m7X2LC4GpkD9pGZPUgdKEh1GHdAAAJoqPMA==,PoT,39.293765408777
gemini-1.5-flash-002,q1_m7X2LC4GpkD9pGZPUgdKEh1GHdAAAJoqPMA==,PoT,39.293765408777
gemini-1.5-flash-002,q1_m7X2LC4GpkD9pGZPUgdKEh1GHdAAAJoqPMA==,PoT,38.262252939417984
gemini-1.5-flash-002,q1_m7X2LC4GpkD9pGZPUgdKEh1GHdAAAJoqPMA==,PoT,39.293765408777
gemini-1.5-flash-002,q1_m7X2LC4GpkD9pGZPUgdKEh1GHdAAAJoqPMA==,PoT,39.293765408777
gemini-1.5-flash-002,q1_m7X2LC4GpkD9pGZPUgdKEh1GHdAAAJoqPMA==,PoT,38.262252939417984
gemini-1.5-flash-002,q1_m7X2LC4GpkD9pGZPUgdKEh1GHdAAAJoqPMA==,PoT,39.293765408777
gemini-1.5-flash-002,q1_m7X2LC4GpkD9pGZPUgdKEh1GHdAAAJoqPMA==,PoT,39.293765408777
gemini-1.5-flash-002,q1_m7X2LC4GpkD9pGZPUgdKEh1GHdAAAJoqPMA==,PoT,39.293765408777
gemini-1.5-flash-002,q1_m7X2LC4GpkD9pGZPUgdKEh1GHdAAAJoqPMA==,PoT,39.293765408777
gemini-1.5-flash-002,q1_m7X2LC4GpkD9pGZPUgdKEh1GHdAAAJoqPMA==,PoT,38.262252939417984
gemini-1.5-flash-002,q1_m7X2LC4GpkD9pGZPUgdKEh1GHdAAAJoqPMA==,PoT,39.293765408777
gemini-1.5-flash-002,q1_m7X2LC4GpkD9pGZPUgdKEh1GHdAAAJoqPMA==,PoT,39.293765408777
gemini-1.5-flash-002,q1_m7X2LC4GpkD9pGZPUgdKEh1GHdAAAJoqPMA==,PoT,39.293765408777
gemini-1.5-flash-002,q1_m7X2LC4GpkD9pGZPUgdKEh1GHdAAAJoqPMA==,PoT,39.293765408777
gemini-1.5-flash-002,q1_m7X2LC4GpkD9pGZPUgdKEh1GHdAAAJoqPMA==,PoT,39.293765408777
gemini-1.5-flash-002,q1_m7X2LC4GpkD9pGZPUgdKEh1GHdAAAJoqPMA==,PoT,39.293765408777
gemini-1.5-flash-002,q1_m7X2LC4GpkD9pGZPUgdKEh1GHdAAAJoqPMA==,PoT,38.34057902536163
gemini-1.5-flash-002,q1_m7X2LC4GpkD9pGZPUgdKEh1GHdAAAJoqPMA==,PoT,39.293765408777
gemini-1.5-flash-002,q1_m7X2LC4GpkD9pGZPUgdKEh1GHdAAAJoqPMA==,PoT,39.293765408777
gemini-1.5-flash-002,RJVo13lZOiNxT3R5nWLWWNtMMIW8OdHczhAfeg==,PoT,39.293765408777
gemini-1.5-flash-002,RJVo13lZOiNxT3R5nWLWWNtMMIW8OdHczhAfeg==,PoT,38.262252939417984
gemini-1.5-flash-002,RJVo13lZOiNxT3R5nWLWWNtMMIW8OdHczhAfeg==,PoT,38.0
gemini-1.5-flash-002,RJVo13lZOiNxT3R5nWLWWNtMMIW8OdHczhAfeg==,PoT,39.293765408777
gemini-1.5-flash-002,RJVo13lZOiNxT3R5nWLWWNtMMIW8OdHczhAfeg==,PoT,38.262252939417984
gemini-1.5-flash-002,RJVo13lZOiNxT3R5nWLWWNtMMIW8OdHczhAfeg==,PoT,38.262252939417984
gemini-1.5-flash-002,RJVo13lZOiNxT3R5nWLWWNtMMIW8OdHczhAfeg==,PoT,38.262252939417984
gemini-1.5-flash-002,RJVo13lZOiNxT3R5nWLWWNtMMIW8OdHczhAfeg==,PoT,38.262252939417984
gemini-1.5-flash-002,RJVo13lZOiNxT3R5nWLWWNtMMIW8OdHczhAfeg==,PoT,39.293765408777
gemini-1.5-flash-002,RJVo13lZOiNxT3R5nWLWWNtMMIW8OdHczhAfeg==,PoT,39.293765408777
gemini-1.5-flash-002,RJVo13lZOiNxT3R5nWLWWNtMMIW8OdHczhAfeg==,PoT,38.262252939417984
gemini-1.5-flash-002,RJVo13lZOiNxT3R5nWLWWNtMMIW8OdHczhAfeg==,PoT,38.262252939417984
gemini-1.5-flash-002,RJVo13lZOiNxT3R5nWLWWNtMMIW8OdHczhAfeg==,PoT,39.293765408777
gemini-1.5-flash-002,RJVo13lZOiNxT3R5nWLWWNtMMIW8OdHczhAfeg==,PoT,38.262252939417984
gemini-1.5-flash-002,RJVo13lZOiNxT3R5nWLWWNtMMIW8OdHczhAfeg==,PoT,38.34057902536163
gemini-1.5-flash-002,RJVo13lZOiNxT3R5nWLWWNtMMIW8OdHczhAfeg==,PoT,39.293765408777
gemini-1.5-flash-002,RJVo13lZOiNxT3R5nWLWWNtMMIW8OdHczhAfeg==,PoT,38.262252939417984
gemini-1.5-flash-002,RJVo13lZOiNxT3R5nWLWWNtMMIW8OdHczhAfeg==,PoT,39.293765408777
gemini-1.5-flash-002,RJVo13lZOiNxT3R5nWLWWNtMMIW8OdHczhAfeg==,PoT,38.262252939417984
gemini-1.5-flash-002,RJVo13lZOiNxT3R5nWLWWNtMMIW8OdHczhAfeg==,PoT,38.34057902536163
gemini-1.5-flash-002,RJVo13lZOiNxT3R5nWLWWNtMMIW8OdHczhAfeg==,PoT,39.293765408777
gemini-1.5-flash-002,RJVo13lZOiNxT3R5nWLWWNtMMIW8OdHczhAfeg==,PoT,39.293765408777
gemini-1.5-flash-002,RJVo13lZOiNxT3R5nWLWWNtMMIW8OdHczhAfeg==,PoT,39.293765408777
gemini-1.5-flash-002,RJVo13lZOiNxT3R5nWLWWNtMMIW8OdHczhAfeg==,PoT,39.293765408777
gemini-1.5-flash-002,RJVo13lZOiNxT3R5nWLWWNtMMIW8OdHczhAfeg==,PoT,38.262252939417984
gemini-1.5-flash-002,RJVo13lZOiNxT3R5nWLWWNtMMIW8OdHczhAfeg==,PoT,39.96248240537617
gemini-1.5-flash-002,RJVo13lZOiNxT3R5nWLWWNtMMIW8OdHczhAfeg==,PoT,38.262252939417984
gemini-1.5-flash-002,RJVo13lZOiNxT3R5nWLWWNtMMIW8OdHczhAfeg==,PoT,39.293765408777
gemini-1.5-flash-002,RJVo13lZOiNxT3R5nWLWWNtMMIW8OdHczhAfeg==,PoT,38.262252939417984
gemini-1.5-flash-002,RJVo13lZOiNxT3R5nWLWWNtMMIW8OdHczhAfeg==,PoT,38.262252939417984
gemini-1.5-flash-002,RJVo13lZOiNxT3R5nWLWWNtMMIW8OdHczhAfeg==,PoT,39.293765408777
gemini-1.5-flash-002,RJVo13lZOiNxT3R5nWLWWNtMMIW8OdHczhAfeg==,PoT,38.0
gemini-1.5-flash-002,RJVo13lZOiNxT3R5nWLWWNtMMIW8OdHczhAfeg==,PoT,38.0
gemini-1.5-flash-002,RJVo13lZOiNxT3R5nWLWWNtMMIW8OdHczhAfeg==,PoT,39.293765408777
gemini-1.5-flash-002,RJVo13lZOiNxT3R5nWLWWNtMMIW8OdHczhAfeg==,PoT,39.293765408777
gemini-1.5-flash-002,RJVo13lZOiNxT3R5nWLWWNtMMIW8OdHczhAfeg==,PoT,38.262252939417984
gemini-1.5-flash-002,RJVo13lZOiNxT3R5nWLWWNtMMIW8OdHczhAfeg==,PoT,38.262252939417984
gemini-1.5-flash-002,RJVo13lZOiNxT3R5nWLWWNtMMIW8OdHczhAfeg==,PoT,38.262252939417984
gemini-1.5-flash-002,RJVo13lZOiNxT3R5nWLWWNtMMIW8OdHczhAfeg==,PoT,38.262252939417984
gemini-1.5-flash-002,RJVo13lZOiNxT3R5nWLWWNtMMIW8OdHczhAfeg==,PoT,38.34057902536163
gemini-1.5-flash-002,RJVo13lZOiNxT3R5nWLWWNtMMIW8OdHczhAfeg==,PoT,38.262252939417984
gemini-1.5-flash-002,RJVo13lZOiNxT3R5nWLWWNtMMIW8OdHczhAfeg==,PoT,42.20189569201838
gemini-1.5-flash-002,RJVo13lZOiNxT3R5nWLWWNtMMIW8OdHczhAfeg==,PoT,38.262252939417984
gemini-1.5-flash-002,RJVo13lZOiNxT3R5nWLWWNtMMIW8OdHczhAfeg==,PoT,39.293765408777
gemini-1.5-flash-002,RJVo13lZOiNxT3R5nWLWWNtMMIW8OdHczhAfeg==,PoT,38.262252939417984
gemini-1.5-flash-002,RJVo13lZOiNxT3R5nWLWWNtMMIW8OdHczhAfeg==,PoT,39.293765408777
gemini-1.5-flash-002,RJVo13lZOiNxT3R5nWLWWNtMMIW8OdHczhAfeg==,PoT,38.262252939417984
gemini-1.5-flash-002,RJVo13lZOiNxT3R5nWLWWNtMMIW8OdHczhAfeg==,PoT,39.293765408777
gemini-1.5-flash-002,RJVo13lZOiNxT3R5nWLWWNtMMIW8OdHczhAfeg==,PoT,39.293765408777
gemini-1.5-flash-002,RJVo13lZOiNxT3R5nWLWWNtMMIW8OdHczhAfeg==,PoT,38.262252939417984
gemini-1.5-flash-002,RJVo13lZOiNxT3R5nWLWWNtMMIW8OdHczhAfeg==,PoT,39.293765408777
gemini-1.5-flash-002,RJVo13lZOiNxT3R5nWLWWNtMMIW8OdHczhAfeg==,PoT,39.293765408777
gemini-1.5-flash-002,RJVo13lZOiNxT3R5nWLWWNtMMIW8OdHczhAfeg==,PoT,39.293765408777
gemini-1.5-flash-002,RJVo13lZOiNxT3R5nWLWWNtMMIW8OdHczhAfeg==,PoT,38.262252939417984
gemini-1.5-flash-002,RJVo13lZOiNxT3R5nWLWWNtMMIW8OdHczhAfeg==,PoT,38.262252939417984
gemini-1.5-flash-002,RJVo13lZOiNxT3R5nWLWWNtMMIW8OdHczhAfeg==,PoT,38.262252939417984
gemini-1.5-flash-002,RJVo13lZOiNxT3R5nWLWWNtMMIW8OdHczhAfeg==,PoT,38.262252939417984
gemini-1.5-flash-002,RJVo13lZOiNxT3R5nWLWWNtMMIW8OdHczhAfeg==,PoT,39.293765408777
gemini-1.5-flash-002,RJVo13lZOiNxT3R5nWLWWNtMMIW8OdHczhAfeg==,PoT,38.262252939417984
gemini-1.5-flash-002,RJVo13lZOiNxT3R5nWLWWNtMMIW8OdHczhAfeg==,PoT,39.293765408777
gemini-1.5-flash-002,RJVo13lZOiNxT3R5nWLWWNtMMIW8OdHczhAfeg==,PoT,39.293765408777
gemini-1.5-flash-002,RJVo13lZOiNxT3R5nWLWWNtMMIW8OdHczhAfeg==,PoT,39.293765408777
gemini-1.5-flash-002,RJVo13lZOiNxT3R5nWLWWNtMMIW8OdHczhAfeg==,PoT,39.293765408777
gemini-1.5-flash-002,RJVo13lZOiNxT3R5nWLWWNtMMIW8OdHczhAfeg==,PoT,38.600518131237564
gemini-1.5-flash-002,RJVo13lZOiNxT3R5nWLWWNtMMIW8OdHczhAfeg==,PoT,39.293765408777
gemini-1.5-flash-002,RJVo13lZOiNxT3R5nWLWWNtMMIW8OdHczhAfeg==,PoT,39.293765408777
gemini-1.5-flash-002,RJVo13lZOiNxT3R5nWLWWNtMMIW8OdHczhAfeg==,PoT,39.293765408777
gemini-1.5-flash-002,RJVo13lZOiNxT3R5nWLWWNtMMIW8OdHczhAfeg==,PoT,39.293765408777
gemini-1.5-flash-002,RJVo13lZOiNxT3R5nWLWWNtMMIW8OdHczhAfeg==,PoT,38.262252939417984
gemini-1.5-flash-002,RJVo13lZOiNxT3R5nWLWWNtMMIW8OdHczhAfeg==,PoT,38.948684188300895
gemini-1.5-flash-002,RJVo13lZOiNxT3R5nWLWWNtMMIW8OdHczhAfeg==,PoT,38.262252939417984
gemini-1.5-flash-002,RJVo13lZOiNxT3R5nWLWWNtMMIW8OdHczhAfeg==,PoT,39.96248240537617
gemini-1.5-flash-002,RJVo13lZOiNxT3R5nWLWWNtMMIW8OdHczhAfeg==,PoT,39.293765408777
gemini-1.5-flash-002,RJVo13lZOiNxT3R5nWLWWNtMMIW8OdHczhAfeg==,PoT,39.293765408777
gemini-1.5-flash-002,RJVo13lZOiNxT3R5nWLWWNtMMIW8OdHczhAfeg==,PoT,39.293765408777
gemini-1.5-flash-002,RJVo13lZOiNxT3R5nWLWWNtMMIW8OdHczhAfeg==,PoT,39.293765408777
gemini-1.5-flash-002,RJVo13lZOiNxT3R5nWLWWNtMMIW8OdHczhAfeg==,PoT,38.262252939417984
gemini-1.5-flash-002,RJVo13lZOiNxT3R5nWLWWNtMMIW8OdHczhAfeg==,PoT,38.262252939417984
gemini-1.5-flash-002,RJVo13lZOiNxT3R5nWLWWNtMMIW8OdHczhAfeg==,PoT,38.0
gemini-1.5-flash-002,RJVo13lZOiNxT3R5nWLWWNtMMIW8OdHczhAfeg==,PoT,38.262252939417984
gemini-1.5-flash-002,RJVo13lZOiNxT3R5nWLWWNtMMIW8OdHczhAfeg==,PoT,39.293765408777
gemini-1.5-flash-002,RJVo13lZOiNxT3R5nWLWWNtMMIW8OdHczhAfeg==,PoT,38.34057902536163
gemini-1.5-flash-002,RJVo13lZOiNxT3R5nWLWWNtMMIW8OdHczhAfeg==,PoT,39.293765408777
gemini-1.5-flash-002,RJVo13lZOiNxT3R5nWLWWNtMMIW8OdHczhAfeg==,PoT,38.262252939417984
gemini-1.5-flash-002,RJVo13lZOiNxT3R5nWLWWNtMMIW8OdHczhAfeg==,PoT,39.293765408777
gemini-1.5-flash-002,RJVo13lZOiNxT3R5nWLWWNtMMIW8OdHczhAfeg==,PoT,38.262252939417984
gemini-1.5-flash-002,RJVo13lZOiNxT3R5nWLWWNtMMIW8OdHczhAfeg==,PoT,38.262252939417984
gemini-1.5-flash-002,RJVo13lZOiNxT3R5nWLWWNtMMIW8OdHczhAfeg==,PoT,38.0
gemini-1.5-flash-002,RJVo13lZOiNxT3R5nWLWWNtMMIW8OdHczhAfeg==,PoT,38.948684188300895
gemini-1.5-flash-002,RJVo13lZOiNxT3R5nWLWWNtMMIW8OdHczhAfeg==,PoT,38.262252939417984
gemini-1.5-flash-002,RJVo13lZOiNxT3R5nWLWWNtMMIW8OdHczhAfeg==,PoT,39.293765408777
gemini-1.5-flash-002,RJVo13lZOiNxT3R5nWLWWNtMMIW8OdHczhAfeg==,PoT,39.293765408777
gemini-1.5-flash-002,RJVo13lZOiNxT3R5nWLWWNtMMIW8OdHczhAfeg==,PoT,38.262252939417984
gemini-1.5-flash-002,RJVo13lZOiNxT3R5nWLWWNtMMIW8OdHczhAfeg==,PoT,39.293765408777
gemini-1.5-flash-002,RJVo13lZOiNxT3R5nWLWWNtMMIW8OdHczhAfeg==,PoT,39.293765408777
gemini-1.5-flash-002,RJVo13lZOiNxT3R5nWLWWNtMMIW8OdHczhAfeg==,PoT,39.293765408777
gemini-1.5-flash-002,RJVo13lZOiNxT3R5nWLWWNtMMIW8OdHczhAfeg==,PoT,38.34057902536163
gemini-1.5-flash-002,RJVo13lZOiNxT3R5nWLWWNtMMIW8OdHczhAfeg==,PoT,38.262252939417984
gemini-1.5-flash-002,RJVo13lZOiNxT3R5nWLWWNtMMIW8OdHczhAfeg==,PoT,39.293765408777
gemini-1.5-flash-002,RJVo13lZOiNxT3R5nWLWWNtMMIW8OdHczhAfeg==,PoT,39.293765408777
gemini-1.5-flash-002,UB-XUIkNQmXyKMx2o3HDL6OX7OmcofR3P4lWbg==,PoT,38.262252939417984
gemini-1.5-flash-002,UB-XUIkNQmXyKMx2o3HDL6OX7OmcofR3P4lWbg==,PoT,39.293765408777
gemini-1.5-flash-002,UB-XUIkNQmXyKMx2o3HDL6OX7OmcofR3P4lWbg==,PoT,38.262252939417984
gemini-1.5-flash-002,UB-XUIkNQmXyKMx2o3HDL6OX7OmcofR3P4lWbg==,PoT,38.262252939417984
gemini-1.5-flash-002,UB-XUIkNQmXyKMx2o3HDL6OX7OmcofR3P4lWbg==,PoT,38.262252939417984
gemini-1.5-flash-002,UB-XUIkNQmXyKMx2o3HDL6OX7OmcofR3P4lWbg==,PoT,38.262252939417984
gemini-1.5-flash-002,UB-XUIkNQmXyKMx2o3HDL6OX7OmcofR3P4lWbg==,PoT,38.0
gemini-1.5-flash-002,UB-XUIkNQmXyKMx2o3HDL6OX7OmcofR3P4lWbg==,PoT,39.293765408777
gemini-1.5-flash-002,UB-XUIkNQmXyKMx2o3HDL6OX7OmcofR3P4lWbg==,PoT,39.293765408777
gemini-1.5-flash-002,UB-XUIkNQmXyKMx2o3HDL6OX7OmcofR3P4lWbg==,PoT,38.262252939417984
gemini-1.5-flash-002,UB-XUIkNQmXyKMx2o3HDL6OX7OmcofR3P4lWbg==,PoT,39.293765408777
gemini-1.5-flash-002,UB-XUIkNQmXyKMx2o3HDL6OX7OmcofR3P4lWbg==,PoT,38.262252939417984
gemini-1.5-flash-002,UB-XUIkNQmXyKMx2o3HDL6OX7OmcofR3P4lWbg==,PoT,38.262252939417984
gemini-1.5-flash-002,UB-XUIkNQmXyKMx2o3HDL6OX7OmcofR3P4lWbg==,PoT,39.293765408777
gemini-1.5-flash-002,UB-XUIkNQmXyKMx2o3HDL6OX7OmcofR3P4lWbg==,PoT,38.262252939417984
gemini-1.5-flash-002,UB-XUIkNQmXyKMx2o3HDL6OX7OmcofR3P4lWbg==,PoT,39.293765408777
gemini-1.5-flash-002,UB-XUIkNQmXyKMx2o3HDL6OX7OmcofR3P4lWbg==,PoT,38.262252939417984
gemini-1.5-flash-002,UB-XUIkNQmXyKMx2o3HDL6OX7OmcofR3P4lWbg==,PoT,38.262252939417984
gemini-1.5-flash-002,UB-XUIkNQmXyKMx2o3HDL6OX7OmcofR3P4lWbg==,PoT,39.293765408777
gemini-1.5-flash-002,UB-XUIkNQmXyKMx2o3HDL6OX7OmcofR3P4lWbg==,PoT,39.293765408777
gemini-1.5-flash-002,UB-XUIkNQmXyKMx2o3HDL6OX7OmcofR3P4lWbg==,PoT,39.293765408777
gemini-1.5-flash-002,UB-XUIkNQmXyKMx2o3HDL6OX7OmcofR3P4lWbg==,PoT,39.293765408777
gemini-1.5-flash-002,UB-XUIkNQmXyKMx2o3HDL6OX7OmcofR3P4lWbg==,PoT,38.0
gemini-1.5-flash-002,UB-XUIkNQmXyKMx2o3HDL6OX7OmcofR3P4lWbg==,PoT,38.262252939417984
gemini-1.5-flash-002,UB-XUIkNQmXyKMx2o3HDL6OX7OmcofR3P4lWbg==,PoT,38.262252939417984
gemini-1.5-flash-002,UB-XUIkNQmXyKMx2o3HDL6OX7OmcofR3P4lWbg==,PoT,38.262252939417984
gemini-1.5-flash-002,UB-XUIkNQmXyKMx2o3HDL6OX7OmcofR3P4lWbg==,PoT,39.293765408777
gemini-1.5-flash-002,UB-XUIkNQmXyKMx2o3HDL6OX7OmcofR3P4lWbg==,PoT,38.262252939417984
gemini-1.5-flash-002,UB-XUIkNQmXyKMx2o3HDL6OX7OmcofR3P4lWbg==,PoT,39.293765408777
gemini-1.5-flash-002,UB-XUIkNQmXyKMx2o3HDL6OX7OmcofR3P4lWbg==,PoT,38.34057902536163
gemini-1.5-flash-002,UB-XUIkNQmXyKMx2o3HDL6OX7OmcofR3P4lWbg==,PoT,38.262252939417984
gemini-1.5-flash-002,UB-XUIkNQmXyKMx2o3HDL6OX7OmcofR3P4lWbg==,PoT,39.293765408777
gemini-1.5-flash-002,UB-XUIkNQmXyKMx2o3HDL6OX7OmcofR3P4lWbg==,PoT,38.262252939417984
gemini-1.5-flash-002,UB-XUIkNQmXyKMx2o3HDL6OX7OmcofR3P4lWbg==,PoT,39.293765408777
gemini-1.5-flash-002,UB-XUIkNQmXyKMx2o3HDL6OX7OmcofR3P4lWbg==,PoT,38.262252939417984
gemini-1.5-flash-002,UB-XUIkNQmXyKMx2o3HDL6OX7OmcofR3P4lWbg==,PoT,39.293765408777
gemini-1.5-flash-002,UB-XUIkNQmXyKMx2o3HDL6OX7OmcofR3P4lWbg==,PoT,38.262252939417984
gemini-1.5-flash-002,UB-XUIkNQmXyKMx2o3HDL6OX7OmcofR3P4lWbg==,PoT,39.293765408777
gemini-1.5-flash-002,UB-XUIkNQmXyKMx2o3HDL6OX7OmcofR3P4lWbg==,PoT,38.262252939417984
gemini-1.5-flash-002,UB-XUIkNQmXyKMx2o3HDL6OX7OmcofR3P4lWbg==,PoT,39.293765408777
gemini-1.5-flash-002,UB-XUIkNQmXyKMx2o3HDL6OX7OmcofR3P4lWbg==,PoT,38.262252939417984
gemini-1.5-flash-002,UB-XUIkNQmXyKMx2o3HDL6OX7OmcofR3P4lWbg==,PoT,39.293765408777
gemini-1.5-flash-002,UB-XUIkNQmXyKMx2o3HDL6OX7OmcofR3P4lWbg==,PoT,39.293765408777
gemini-1.5-flash-002,UB-XUIkNQmXyKMx2o3HDL6OX7OmcofR3P4lWbg==,PoT,39.293765408777
gemini-1.5-flash-002,UB-XUIkNQmXyKMx2o3HDL6OX7OmcofR3P4lWbg==,PoT,38.0
gemini-1.5-flash-002,UB-XUIkNQmXyKMx2o3HDL6OX7OmcofR3P4lWbg==,PoT,39.293765408777
gemini-1.5-flash-002,UB-XUIkNQmXyKMx2o3HDL6OX7OmcofR3P4lWbg==,PoT,39.293765408777
gemini-1.5-flash-002,UB-XUIkNQmXyKMx2o3HDL6OX7OmcofR3P4lWbg==,PoT,39.293765408777
gemini-1.5-flash-002,UB-XUIkNQmXyKMx2o3HDL6OX7OmcofR3P4lWbg==,PoT,39.293765408777
gemini-1.5-flash-002,UB-XUIkNQmXyKMx2o3HDL6OX7OmcofR3P4lWbg==,PoT,38.262252939417984
gemini-1.5-flash-002,UB-XUIkNQmXyKMx2o3HDL6OX7OmcofR3P4lWbg==,PoT,38.262252939417984
gemini-1.5-flash-002,UB-XUIkNQmXyKMx2o3HDL6OX7OmcofR3P4lWbg==,PoT,38.262252939417984
gemini-1.5-flash-002,UB-XUIkNQmXyKMx2o3HDL6OX7OmcofR3P4lWbg==,PoT,38.262252939417984
gemini-1.5-flash-002,UB-XUIkNQmXyKMx2o3HDL6OX7OmcofR3P4lWbg==,PoT,39.293765408777
gemini-1.5-flash-002,UB-XUIkNQmXyKMx2o3HDL6OX7OmcofR3P4lWbg==,PoT,39.293765408777
gemini-1.5-flash-002,UB-XUIkNQmXyKMx2o3HDL6OX7OmcofR3P4lWbg==,PoT,39.293765408777
gemini-1.5-flash-002,UB-XUIkNQmXyKMx2o3HDL6OX7OmcofR3P4lWbg==,PoT,39.293765408777
gemini-1.5-flash-002,UB-XUIkNQmXyKMx2o3HDL6OX7OmcofR3P4lWbg==,PoT,39.293765408777
gemini-1.5-flash-002,UB-XUIkNQmXyKMx2o3HDL6OX7OmcofR3P4lWbg==,PoT,38.34057902536163
gemini-1.5-flash-002,UB-XUIkNQmXyKMx2o3HDL6OX7OmcofR3P4lWbg==,PoT,39.293765408777
gemini-1.5-flash-002,UB-XUIkNQmXyKMx2o3HDL6OX7OmcofR3P4lWbg==,PoT,38.0
gemini-1.5-flash-002,UB-XUIkNQmXyKMx2o3HDL6OX7OmcofR3P4lWbg==,PoT,39.293765408777
gemini-1.5-flash-002,UB-XUIkNQmXyKMx2o3HDL6OX7OmcofR3P4lWbg==,PoT,39.293765408777
gemini-1.5-flash-002,UB-XUIkNQmXyKMx2o3HDL6OX7OmcofR3P4lWbg==,PoT,39.293765408777
gemini-1.5-flash-002,UB-XUIkNQmXyKMx2o3HDL6OX7OmcofR3P4lWbg==,PoT,38.600518131237564
gemini-1.5-flash-002,UB-XUIkNQmXyKMx2o3HDL6OX7OmcofR3P4lWbg==,PoT,38.262252939417984
gemini-1.5-flash-002,UB-XUIkNQmXyKMx2o3HDL6OX7OmcofR3P4lWbg==,PoT,38.262252939417984
gemini-1.5-flash-002,UB-XUIkNQmXyKMx2o3HDL6OX7OmcofR3P4lWbg==,PoT,39.293765408777
gemini-1.5-flash-002,UB-XUIkNQmXyKMx2o3HDL6OX7OmcofR3P4lWbg==,PoT,38.262252939417984
gemini-1.5-flash-002,UB-XUIkNQmXyKMx2o3HDL6OX7OmcofR3P4lWbg==,PoT,38.262252939417984
gemini-1.5-flash-002,UB-XUIkNQmXyKMx2o3HDL6OX7OmcofR3P4lWbg==,PoT,39.293765408777
gemini-1.5-flash-002,UB-XUIkNQmXyKMx2o3HDL6OX7OmcofR3P4lWbg==,PoT,38.600518131237564
gemini-1.5-flash-002,UB-XUIkNQmXyKMx2o3HDL6OX7OmcofR3P4lWbg==,PoT,38.262252939417984
gemini-1.5-flash-002,UB-XUIkNQmXyKMx2o3HDL6OX7OmcofR3P4lWbg==,PoT,39.293765408777
gemini-1.5-flash-002,UB-XUIkNQmXyKMx2o3HDL6OX7OmcofR3P4lWbg==,PoT,38.262252939417984
gemini-1.5-flash-002,UB-XUIkNQmXyKMx2o3HDL6OX7OmcofR3P4lWbg==,PoT,39.293765408777
gemini-1.5-flash-002,UB-XUIkNQmXyKMx2o3HDL6OX7OmcofR3P4lWbg==,PoT,38.262252939417984
gemini-1.5-flash-002,UB-XUIkNQmXyKMx2o3HDL6OX7OmcofR3P4lWbg==,PoT,38.34057902536163
gemini-1.5-flash-002,UB-XUIkNQmXyKMx2o3HDL6OX7OmcofR3P4lWbg==,PoT,38.262252939417984
gemini-1.5-flash-002,UB-XUIkNQmXyKMx2o3HDL6OX7OmcofR3P4lWbg==,PoT,38.0
gemini-1.5-flash-002,UB-XUIkNQmXyKMx2o3HDL6OX7OmcofR3P4lWbg==,PoT,38.262252939417984
gemini-1.5-flash-002,UB-XUIkNQmXyKMx2o3HDL6OX7OmcofR3P4lWbg==,PoT,38.34057902536163
gemini-1.5-flash-002,UB-XUIkNQmXyKMx2o3HDL6OX7OmcofR3P4lWbg==,PoT,38.34057902536163
gemini-1.5-flash-002,UB-XUIkNQmXyKMx2o3HDL6OX7OmcofR3P4lWbg==,PoT,38.262252939417984
gemini-1.5-flash-002,UB-XUIkNQmXyKMx2o3HDL6OX7OmcofR3P4lWbg==,PoT,39.293765408777
gemini-1.5-flash-002,UB-XUIkNQmXyKMx2o3HDL6OX7OmcofR3P4lWbg==,PoT,39.293765408777
gemini-1.5-flash-002,UB-XUIkNQmXyKMx2o3HDL6OX7OmcofR3P4lWbg==,PoT,39.293765408777
gemini-1.5-flash-002,UB-XUIkNQmXyKMx2o3HDL6OX7OmcofR3P4lWbg==,PoT,39.293765408777
gemini-1.5-flash-002,UB-XUIkNQmXyKMx2o3HDL6OX7OmcofR3P4lWbg==,PoT,38.262252939417984
gemini-1.5-flash-002,UB-XUIkNQmXyKMx2o3HDL6OX7OmcofR3P4lWbg==,PoT,39.293765408777
gemini-1.5-flash-002,UB-XUIkNQmXyKMx2o3HDL6OX7OmcofR3P4lWbg==,PoT,38.262252939417984
gemini-1.5-flash-002,UB-XUIkNQmXyKMx2o3HDL6OX7OmcofR3P4lWbg==,PoT,38.0
gemini-1.5-flash-002,UB-XUIkNQmXyKMx2o3HDL6OX7OmcofR3P4lWbg==,PoT,39.293765408777
gemini-1.5-flash-002,UB-XUIkNQmXyKMx2o3HDL6OX7OmcofR3P4lWbg==,PoT,38.0
gemini-1.5-flash-002,UB-XUIkNQmXyKMx2o3HDL6OX7OmcofR3P4lWbg==,PoT,39.293765408777
gemini-1.5-flash-002,UB-XUIkNQmXyKMx2o3HDL6OX7OmcofR3P4lWbg==,PoT,39.293765408777
gemini-1.5-flash-002,UB-XUIkNQmXyKMx2o3HDL6OX7OmcofR3P4lWbg==,PoT,39.293765408777
gemini-1.5-flash-002,UB-XUIkNQmXyKMx2o3HDL6OX7OmcofR3P4lWbg==,PoT,38.0
gemini-1.5-flash-002,UB-XUIkNQmXyKMx2o3HDL6OX7OmcofR3P4lWbg==,PoT,39.293765408777
gemini-1.5-flash-002,UB-XUIkNQmXyKMx2o3HDL6OX7OmcofR3P4lWbg==,PoT,38.262252939417984
gemini-1.5-flash-002,ZERIKLw91BcWYBNtBMWAclt9IpDuyHmEDDx0yA==,PoT,38.262252939417984
gemini-1.5-flash-002,ZERIKLw91BcWYBNtBMWAclt9IpDuyHmEDDx0yA==,PoT,38.262252939417984
gemini-1.5-flash-002,ZERIKLw91BcWYBNtBMWAclt9IpDuyHmEDDx0yA==,PoT,38.34057902536163
gemini-1.5-flash-002,ZERIKLw91BcWYBNtBMWAclt9IpDuyHmEDDx0yA==,PoT,38.34057902536163
gemini-1.5-flash-002,ZERIKLw91BcWYBNtBMWAclt9IpDuyHmEDDx0yA==,PoT,39.293765408777
gemini-1.5-flash-002,ZERIKLw91BcWYBNtBMWAclt9IpDuyHmEDDx0yA==,PoT,39.293765408777
gemini-1.5-flash-002,ZERIKLw91BcWYBNtBMWAclt9IpDuyHmEDDx0yA==,PoT,39.293765408777
gemini-1.5-flash-002,ZERIKLw91BcWYBNtBMWAclt9IpDuyHmEDDx0yA==,PoT,38.262252939417984
gemini-1.5-flash-002,ZERIKLw91BcWYBNtBMWAclt9IpDuyHmEDDx0yA==,PoT,39.293765408777
gemini-1.5-flash-002,ZERIKLw91BcWYBNtBMWAclt9IpDuyHmEDDx0yA==,PoT,39.293765408777
gemini-1.5-flash-002,ZERIKLw91BcWYBNtBMWAclt9IpDuyHmEDDx0yA==,PoT,39.293765408777
gemini-1.5-flash-002,ZERIKLw91BcWYBNtBMWAclt9IpDuyHmEDDx0yA==,PoT,39.293765408777
gemini-1.5-flash-002,ZERIKLw91BcWYBNtBMWAclt9IpDuyHmEDDx0yA==,PoT,39.96248240537617
gemini-1.5-flash-002,ZERIKLw91BcWYBNtBMWAclt9IpDuyHmEDDx0yA==,PoT,39.293765408777
gemini-1.5-flash-002,ZERIKLw91BcWYBNtBMWAclt9IpDuyHmEDDx0yA==,PoT,39.293765408777
gemini-1.5-flash-002,ZERIKLw91BcWYBNtBMWAclt9IpDuyHmEDDx0yA==,PoT,39.293765408777
gemini-1.5-flash-002,ZERIKLw91BcWYBNtBMWAclt9IpDuyHmEDDx0yA==,PoT,39.293765408777
gemini-1.5-flash-002,ZERIKLw91BcWYBNtBMWAclt9IpDuyHmEDDx0yA==,PoT,39.293765408777
gemini-1.5-flash-002,ZERIKLw91BcWYBNtBMWAclt9IpDuyHmEDDx0yA==,PoT,38.34057902536163
gemini-1.5-flash-002,ZERIKLw91BcWYBNtBMWAclt9IpDuyHmEDDx0yA==,PoT,39.293765408777
gemini-1.5-flash-002,ZERIKLw91BcWYBNtBMWAclt9IpDuyHmEDDx0yA==,PoT,38.262252939417984
gemini-1.5-flash-002,ZERIKLw91BcWYBNtBMWAclt9IpDuyHmEDDx0yA==,PoT,38.262252939417984
gemini-1.5-flash-002,ZERIKLw91BcWYBNtBMWAclt9IpDuyHmEDDx0yA==,PoT,38.262252939417984
gemini-1.5-flash-002,ZERIKLw91BcWYBNtBMWAclt9IpDuyHmEDDx0yA==,PoT,39.293765408777
gemini-1.5-flash-002,ZERIKLw91BcWYBNtBMWAclt9IpDuyHmEDDx0yA==,PoT,39.293765408777
gemini-1.5-flash-002,ZERIKLw91BcWYBNtBMWAclt9IpDuyHmEDDx0yA==,PoT,39.293765408777
gemini-1.5-flash-002,ZERIKLw91BcWYBNtBMWAclt9IpDuyHmEDDx0yA==,PoT,39.293765408777
gemini-1.5-flash-002,ZERIKLw91BcWYBNtBMWAclt9IpDuyHmEDDx0yA==,PoT,38.0
gemini-1.5-flash-002,ZERIKLw91BcWYBNtBMWAclt9IpDuyHmEDDx0yA==,PoT,38.262252939417984
gemini-1.5-flash-002,ZERIKLw91BcWYBNtBMWAclt9IpDuyHmEDDx0yA==,PoT,38.262252939417984
gemini-1.5-flash-002,ZERIKLw91BcWYBNtBMWAclt9IpDuyHmEDDx0yA==,PoT,38.262252939417984
gemini-1.5-flash-002,ZERIKLw91BcWYBNtBMWAclt9IpDuyHmEDDx0yA==,PoT,38.262252939417984
gemini-1.5-flash-002,ZERIKLw91BcWYBNtBMWAclt9IpDuyHmEDDx0yA==,PoT,39.293765408777
gemini-1.5-flash-002,ZERIKLw91BcWYBNtBMWAclt9IpDuyHmEDDx0yA==,PoT,38.262252939417984
gemini-1.5-flash-002,ZERIKLw91BcWYBNtBMWAclt9IpDuyHmEDDx0yA==,PoT,39.96248240537617
gemini-1.5-flash-002,ZERIKLw91BcWYBNtBMWAclt9IpDuyHmEDDx0yA==,PoT,38.262252939417984
gemini-1.5-flash-002,ZERIKLw91BcWYBNtBMWAclt9IpDuyHmEDDx0yA==,PoT,39.293765408777
gemini-1.5-flash-002,ZERIKLw91BcWYBNtBMWAclt9IpDuyHmEDDx0yA==,PoT,38.262252939417984
gemini-1.5-flash-002,ZERIKLw91BcWYBNtBMWAclt9IpDuyHmEDDx0yA==,PoT,39.293765408777
gemini-1.5-flash-002,ZERIKLw91BcWYBNtBMWAclt9IpDuyHmEDDx0yA==,PoT,39.293765408777
gemini-1.5-flash-002,ZERIKLw91BcWYBNtBMWAclt9IpDuyHmEDDx0yA==,PoT,38.262252939417984
gemini-1.5-flash-002,ZERIKLw91BcWYBNtBMWAclt9IpDuyHmEDDx0yA==,PoT,39.293765408777
gemini-1.5-flash-002,ZERIKLw91BcWYBNtBMWAclt9IpDuyHmEDDx0yA==,PoT,39.293765408777
gemini-1.5-flash-002,ZERIKLw91BcWYBNtBMWAclt9IpDuyHmEDDx0yA==,PoT,39.293765408777
gemini-1.5-flash-002,ZERIKLw91BcWYBNtBMWAclt9IpDuyHmEDDx0yA==,PoT,39.293765408777
gemini-1.5-flash-002,ZERIKLw91BcWYBNtBMWAclt9IpDuyHmEDDx0yA==,PoT,38.34057902536163
gemini-1.5-flash-002,ZERIKLw91BcWYBNtBMWAclt9IpDuyHmEDDx0yA==,PoT,38.262252939417984
gemini-1.5-flash-002,ZERIKLw91BcWYBNtBMWAclt9IpDuyHmEDDx0yA==,PoT,38.0
gemini-1.5-flash-002,ZERIKLw91BcWYBNtBMWAclt9IpDuyHmEDDx0yA==,PoT,39.293765408777
gemini-1.5-flash-002,ZERIKLw91BcWYBNtBMWAclt9IpDuyHmEDDx0yA==,PoT,39.293765408777
gemini-1.5-flash-002,ZERIKLw91BcWYBNtBMWAclt9IpDuyHmEDDx0yA==,PoT,38.262252939417984
gemini-1.5-flash-002,ZERIKLw91BcWYBNtBMWAclt9IpDuyHmEDDx0yA==,PoT,38.262252939417984
gemini-1.5-flash-002,ZERIKLw91BcWYBNtBMWAclt9IpDuyHmEDDx0yA==,PoT,38.34057902536163
gemini-1.5-flash-002,ZERIKLw91BcWYBNtBMWAclt9IpDuyHmEDDx0yA==,PoT,38.262252939417984
gemini-1.5-flash-002,ZERIKLw91BcWYBNtBMWAclt9IpDuyHmEDDx0yA==,PoT,39.293765408777
gemini-1.5-flash-002,ZERIKLw91BcWYBNtBMWAclt9IpDuyHmEDDx0yA==,PoT,39.293765408777
gemini-1.5-flash-002,ZERIKLw91BcWYBNtBMWAclt9IpDuyHmEDDx0yA==,PoT,39.293765408777
gemini-1.5-flash-002,ZERIKLw91BcWYBNtBMWAclt9IpDuyHmEDDx0yA==,PoT,39.293765408777
gemini-1.5-flash-002,ZERIKLw91BcWYBNtBMWAclt9IpDuyHmEDDx0yA==,PoT,38.262252939417984
gemini-1.5-flash-002,ZERIKLw91BcWYBNtBMWAclt9IpDuyHmEDDx0yA==,PoT,38.0
gemini-1.5-flash-002,ZERIKLw91BcWYBNtBMWAclt9IpDuyHmEDDx0yA==,PoT,39.96248240537617
gemini-1.5-flash-002,ZERIKLw91BcWYBNtBMWAclt9IpDuyHmEDDx0yA==,PoT,38.34057902536163
gemini-1.5-flash-002,ZERIKLw91BcWYBNtBMWAclt9IpDuyHmEDDx0yA==,PoT,38.262252939417984
gemini-1.5-flash-002,ZERIKLw91BcWYBNtBMWAclt9IpDuyHmEDDx0yA==,PoT,39.293765408777
gemini-1.5-flash-002,ZERIKLw91BcWYBNtBMWAclt9IpDuyHmEDDx0yA==,PoT,39.293765408777
gemini-1.5-flash-002,ZERIKLw91BcWYBNtBMWAclt9IpDuyHmEDDx0yA==,PoT,38.262252939417984
gemini-1.5-flash-002,ZERIKLw91BcWYBNtBMWAclt9IpDuyHmEDDx0yA==,PoT,39.293765408777
gemini-1.5-flash-002,ZERIKLw91BcWYBNtBMWAclt9IpDuyHmEDDx0yA==,PoT,39.293765408777
gemini-1.5-flash-002,ZERIKLw91BcWYBNtBMWAclt9IpDuyHmEDDx0yA==,PoT,39.293765408777
gemini-1.5-flash-002,ZERIKLw91BcWYBNtBMWAclt9IpDuyHmEDDx0yA==,PoT,39.293765408777
gemini-1.5-flash-002,ZERIKLw91BcWYBNtBMWAclt9IpDuyHmEDDx0yA==,PoT,38.262252939417984
gemini-1.5-flash-002,ZERIKLw91BcWYBNtBMWAclt9IpDuyHmEDDx0yA==,PoT,38.262252939417984
gemini-1.5-flash-002,ZERIKLw91BcWYBNtBMWAclt9IpDuyHmEDDx0yA==,PoT,38.262252939417984
gemini-1.5-flash-002,ZERIKLw91BcWYBNtBMWAclt9IpDuyHmEDDx0yA==,PoT,38.262252939417984
gemini-1.5-flash-002,ZERIKLw91BcWYBNtBMWAclt9IpDuyHmEDDx0yA==,PoT,38.262252939417984
gemini-1.5-flash-002,ZERIKLw91BcWYBNtBMWAclt9IpDuyHmEDDx0yA==,PoT,39.293765408777
gemini-1.5-flash-002,ZERIKLw91BcWYBNtBMWAclt9IpDuyHmEDDx0yA==,PoT,38.34057902536163
gemini-1.5-flash-002,ZERIKLw91BcWYBNtBMWAclt9IpDuyHmEDDx0yA==,PoT,38.262252939417984
gemini-1.5-flash-002,ZERIKLw91BcWYBNtBMWAclt9IpDuyHmEDDx0yA==,PoT,39.293765408777
gemini-1.5-flash-002,ZERIKLw91BcWYBNtBMWAclt9IpDuyHmEDDx0yA==,PoT,39.293765408777
gemini-1.5-flash-002,ZERIKLw91BcWYBNtBMWAclt9IpDuyHmEDDx0yA==,PoT,39.293765408777
gemini-1.5-flash-002,ZERIKLw91BcWYBNtBMWAclt9IpDuyHmEDDx0yA==,PoT,39.293765408777
gemini-1.5-flash-002,ZERIKLw91BcWYBNtBMWAclt9IpDuyHmEDDx0yA==,PoT,38.262252939417984
gemini-1.5-flash-002,ZERIKLw91BcWYBNtBMWAclt9IpDuyHmEDDx0yA==,PoT,39.293765408777
gemini-1.5-flash-002,ZERIKLw91BcWYBNtBMWAclt9IpDuyHmEDDx0yA==,PoT,39.293765408777
gemini-1.5-flash-002,ZERIKLw91BcWYBNtBMWAclt9IpDuyHmEDDx0yA==,PoT,38.262252939417984
gemini-1.5-flash-002,ZERIKLw91BcWYBNtBMWAclt9IpDuyHmEDDx0yA==,PoT,39.293765408777
gemini-1.5-flash-002,ZERIKLw91BcWYBNtBMWAclt9IpDuyHmEDDx0yA==,PoT,38.262252939417984
gemini-1.5-flash-002,ZERIKLw91BcWYBNtBMWAclt9IpDuyHmEDDx0yA==,PoT,39.293765408777
gemini-1.5-flash-002,ZERIKLw91BcWYBNtBMWAclt9IpDuyHmEDDx0yA==,PoT,38.262252939417984
gemini-1.5-flash-002,ZERIKLw91BcWYBNtBMWAclt9IpDuyHmEDDx0yA==,PoT,39.293765408777
gemini-1.5-flash-002,ZERIKLw91BcWYBNtBMWAclt9IpDuyHmEDDx0yA==,PoT,39.293765408777
gemini-1.5-flash-002,ZERIKLw91BcWYBNtBMWAclt9IpDuyHmEDDx0yA==,PoT,39.293765408777
gemini-1.5-flash-002,ZERIKLw91BcWYBNtBMWAclt9IpDuyHmEDDx0yA==,PoT,39.293765408777
gemini-1.5-flash-002,ZERIKLw91BcWYBNtBMWAclt9IpDuyHmEDDx0yA==,PoT,39.293765408777
gemini-1.5-flash-002,ZERIKLw91BcWYBNtBMWAclt9IpDuyHmEDDx0yA==,PoT,39.293765408777
gemini-1.5-flash-002,ZERIKLw91BcWYBNtBMWAclt9IpDuyHmEDDx0yA==,PoT,38.262252939417984
gemini-1.5-flash-002,ZERIKLw91BcWYBNtBMWAclt9IpDuyHmEDDx0yA==,PoT,38.262252939417984
gemini-1.5-flash-002,ZERIKLw91BcWYBNtBMWAclt9IpDuyHmEDDx0yA==,PoT,39.293765408777
gemini-1.5-flash-002,ZERIKLw91BcWYBNtBMWAclt9IpDuyHmEDDx0yA==,PoT,39.293765408777
gemini-1.5-flash-002,ZsmLdbeGuqIJRWi_1pUfj0g7lP4oZXMuz1t7QQ==,PoT,39.293765408777
gemini-1.5-flash-002,ZsmLdbeGuqIJRWi_1pUfj0g7lP4oZXMuz1t7QQ==,PoT,39.293765408777
gemini-1.5-flash-002,ZsmLdbeGuqIJRWi_1pUfj0g7lP4oZXMuz1t7QQ==,PoT,39.293765408777
gemini-1.5-flash-002,ZsmLdbeGuqIJRWi_1pUfj0g7lP4oZXMuz1t7QQ==,PoT,38.262252939417984
gemini-1.5-flash-002,ZsmLdbeGuqIJRWi_1pUfj0g7lP4oZXMuz1t7QQ==,PoT,38.262252939417984
gemini-1.5-flash-002,ZsmLdbeGuqIJRWi_1pUfj0g7lP4oZXMuz1t7QQ==,PoT,39.293765408777
gemini-1.5-flash-002,ZsmLdbeGuqIJRWi_1pUfj0g7lP4oZXMuz1t7QQ==,PoT,38.262252939417984
gemini-1.5-flash-002,ZsmLdbeGuqIJRWi_1pUfj0g7lP4oZXMuz1t7QQ==,PoT,39.293765408777
gemini-1.5-flash-002,ZsmLdbeGuqIJRWi_1pUfj0g7lP4oZXMuz1t7QQ==,PoT,39.293765408777
gemini-1.5-flash-002,ZsmLdbeGuqIJRWi_1pUfj0g7lP4oZXMuz1t7QQ==,PoT,39.293765408777
gemini-1.5-flash-002,ZsmLdbeGuqIJRWi_1pUfj0g7lP4oZXMuz1t7QQ==,PoT,39.293765408777
gemini-1.5-flash-002,ZsmLdbeGuqIJRWi_1pUfj0g7lP4oZXMuz1t7QQ==,PoT,39.293765408777
gemini-1.5-flash-002,ZsmLdbeGuqIJRWi_1pUfj0g7lP4oZXMuz1t7QQ==,PoT,38.262252939417984
gemini-1.5-flash-002,ZsmLdbeGuqIJRWi_1pUfj0g7lP4oZXMuz1t7QQ==,PoT,39.293765408777
gemini-1.5-flash-002,ZsmLdbeGuqIJRWi_1pUfj0g7lP4oZXMuz1t7QQ==,PoT,38.262252939417984
gemini-1.5-flash-002,ZsmLdbeGuqIJRWi_1pUfj0g7lP4oZXMuz1t7QQ==,PoT,39.293765408777
gemini-1.5-flash-002,ZsmLdbeGuqIJRWi_1pUfj0g7lP4oZXMuz1t7QQ==,PoT,38.262252939417984
gemini-1.5-flash-002,ZsmLdbeGuqIJRWi_1pUfj0g7lP4oZXMuz1t7QQ==,PoT,38.262252939417984
gemini-1.5-flash-002,ZsmLdbeGuqIJRWi_1pUfj0g7lP4oZXMuz1t7QQ==,PoT,39.293765408777
gemini-1.5-flash-002,ZsmLdbeGuqIJRWi_1pUfj0g7lP4oZXMuz1t7QQ==,PoT,38.262252939417984
gemini-1.5-flash-002,ZsmLdbeGuqIJRWi_1pUfj0g7lP4oZXMuz1t7QQ==,PoT,39.293765408777
gemini-1.5-flash-002,ZsmLdbeGuqIJRWi_1pUfj0g7lP4oZXMuz1t7QQ==,PoT,39.293765408777
gemini-1.5-flash-002,ZsmLdbeGuqIJRWi_1pUfj0g7lP4oZXMuz1t7QQ==,PoT,38.262252939417984
gemini-1.5-flash-002,ZsmLdbeGuqIJRWi_1pUfj0g7lP4oZXMuz1t7QQ==,PoT,39.293765408777
gemini-1.5-flash-002,ZsmLdbeGuqIJRWi_1pUfj0g7lP4oZXMuz1t7QQ==,PoT,38.262252939417984
gemini-1.5-flash-002,ZsmLdbeGuqIJRWi_1pUfj0g7lP4oZXMuz1t7QQ==,PoT,38.262252939417984
gemini-1.5-flash-002,ZsmLdbeGuqIJRWi_1pUfj0g7lP4oZXMuz1t7QQ==,PoT,38.262252939417984
gemini-1.5-flash-002,ZsmLdbeGuqIJRWi_1pUfj0g7lP4oZXMuz1t7QQ==,PoT,38.262252939417984
gemini-1.5-flash-002,ZsmLdbeGuqIJRWi_1pUfj0g7lP4oZXMuz1t7QQ==,PoT,38.262252939417984
gemini-1.5-flash-002,ZsmLdbeGuqIJRWi_1pUfj0g7lP4oZXMuz1t7QQ==,PoT,38.262252939417984
gemini-1.5-flash-002,ZsmLdbeGuqIJRWi_1pUfj0g7lP4oZXMuz1t7QQ==,PoT,39.293765408777
gemini-1.5-flash-002,ZsmLdbeGuqIJRWi_1pUfj0g7lP4oZXMuz1t7QQ==,PoT,39.293765408777
gemini-1.5-flash-002,ZsmLdbeGuqIJRWi_1pUfj0g7lP4oZXMuz1t7QQ==,PoT,38.262252939417984
gemini-1.5-flash-002,ZsmLdbeGuqIJRWi_1pUfj0g7lP4oZXMuz1t7QQ==,PoT,38.262252939417984
gemini-1.5-flash-002,ZsmLdbeGuqIJRWi_1pUfj0g7lP4oZXMuz1t7QQ==,PoT,38.262252939417984
gemini-1.5-flash-002,ZsmLdbeGuqIJRWi_1pUfj0g7lP4oZXMuz1t7QQ==,PoT,39.293765408777
gemini-1.5-flash-002,ZsmLdbeGuqIJRWi_1pUfj0g7lP4oZXMuz1t7QQ==,PoT,38.948684188300895
gemini-1.5-flash-002,ZsmLdbeGuqIJRWi_1pUfj0g7lP4oZXMuz1t7QQ==,PoT,39.293765408777
gemini-1.5-flash-002,ZsmLdbeGuqIJRWi_1pUfj0g7lP4oZXMuz1t7QQ==,PoT,39.293765408777
gemini-1.5-flash-002,ZsmLdbeGuqIJRWi_1pUfj0g7lP4oZXMuz1t7QQ==,PoT,38.262252939417984
gemini-1.5-flash-002,ZsmLdbeGuqIJRWi_1pUfj0g7lP4oZXMuz1t7QQ==,PoT,39.293765408777
gemini-1.5-flash-002,ZsmLdbeGuqIJRWi_1pUfj0g7lP4oZXMuz1t7QQ==,PoT,39.293765408777
gemini-1.5-flash-002,ZsmLdbeGuqIJRWi_1pUfj0g7lP4oZXMuz1t7QQ==,PoT,39.293765408777
gemini-1.5-flash-002,ZsmLdbeGuqIJRWi_1pUfj0g7lP4oZXMuz1t7QQ==,PoT,38.262252939417984
gemini-1.5-flash-002,ZsmLdbeGuqIJRWi_1pUfj0g7lP4oZXMuz1t7QQ==,PoT,38.262252939417984
gemini-1.5-flash-002,ZsmLdbeGuqIJRWi_1pUfj0g7lP4oZXMuz1t7QQ==,PoT,39.293765408777
gemini-1.5-flash-002,ZsmLdbeGuqIJRWi_1pUfj0g7lP4oZXMuz1t7QQ==,PoT,38.262252939417984
gemini-1.5-flash-002,ZsmLdbeGuqIJRWi_1pUfj0g7lP4oZXMuz1t7QQ==,PoT,39.293765408777
gemini-1.5-flash-002,ZsmLdbeGuqIJRWi_1pUfj0g7lP4oZXMuz1t7QQ==,PoT,39.293765408777
gemini-1.5-flash-002,ZsmLdbeGuqIJRWi_1pUfj0g7lP4oZXMuz1t7QQ==,PoT,39.293765408777
gemini-1.5-flash-002,ZsmLdbeGuqIJRWi_1pUfj0g7lP4oZXMuz1t7QQ==,PoT,38.262252939417984
gemini-1.5-flash-002,ZsmLdbeGuqIJRWi_1pUfj0g7lP4oZXMuz1t7QQ==,PoT,38.262252939417984
gemini-1.5-flash-002,ZsmLdbeGuqIJRWi_1pUfj0g7lP4oZXMuz1t7QQ==,PoT,39.293765408777
gemini-1.5-flash-002,ZsmLdbeGuqIJRWi_1pUfj0g7lP4oZXMuz1t7QQ==,PoT,39.293765408777
gemini-1.5-flash-002,ZsmLdbeGuqIJRWi_1pUfj0g7lP4oZXMuz1t7QQ==,PoT,39.293765408777
gemini-1.5-flash-002,ZsmLdbeGuqIJRWi_1pUfj0g7lP4oZXMuz1t7QQ==,PoT,38.262252939417984
gemini-1.5-flash-002,ZsmLdbeGuqIJRWi_1pUfj0g7lP4oZXMuz1t7QQ==,PoT,39.293765408777
gemini-1.5-flash-002,ZsmLdbeGuqIJRWi_1pUfj0g7lP4oZXMuz1t7QQ==,PoT,39.293765408777
gemini-1.5-flash-002,ZsmLdbeGuqIJRWi_1pUfj0g7lP4oZXMuz1t7QQ==,PoT,38.262252939417984
gemini-1.5-flash-002,ZsmLdbeGuqIJRWi_1pUfj0g7lP4oZXMuz1t7QQ==,PoT,38.262252939417984
gemini-1.5-flash-002,ZsmLdbeGuqIJRWi_1pUfj0g7lP4oZXMuz1t7QQ==,PoT,39.293765408777
gemini-1.5-flash-002,ZsmLdbeGuqIJRWi_1pUfj0g7lP4oZXMuz1t7QQ==,PoT,39.293765408777
gemini-1.5-flash-002,ZsmLdbeGuqIJRWi_1pUfj0g7lP4oZXMuz1t7QQ==,PoT,39.293765408777
gemini-1.5-flash-002,ZsmLdbeGuqIJRWi_1pUfj0g7lP4oZXMuz1t7QQ==,PoT,39.293765408777
gemini-1.5-flash-002,ZsmLdbeGuqIJRWi_1pUfj0g7lP4oZXMuz1t7QQ==,PoT,39.293765408777
gemini-1.5-flash-002,ZsmLdbeGuqIJRWi_1pUfj0g7lP4oZXMuz1t7QQ==,PoT,38.262252939417984
gemini-1.5-flash-002,ZsmLdbeGuqIJRWi_1pUfj0g7lP4oZXMuz1t7QQ==,PoT,39.293765408777
gemini-1.5-flash-002,ZsmLdbeGuqIJRWi_1pUfj0g7lP4oZXMuz1t7QQ==,PoT,38.262252939417984
gemini-1.5-flash-002,ZsmLdbeGuqIJRWi_1pUfj0g7lP4oZXMuz1t7QQ==,PoT,38.262252939417984
gemini-1.5-flash-002,ZsmLdbeGuqIJRWi_1pUfj0g7lP4oZXMuz1t7QQ==,PoT,38.262252939417984
gemini-1.5-flash-002,ZsmLdbeGuqIJRWi_1pUfj0g7lP4oZXMuz1t7QQ==,PoT,38.262252939417984
gemini-1.5-flash-002,ZsmLdbeGuqIJRWi_1pUfj0g7lP4oZXMuz1t7QQ==,PoT,38.34057902536163
gemini-1.5-flash-002,ZsmLdbeGuqIJRWi_1pUfj0g7lP4oZXMuz1t7QQ==,PoT,39.293765408777
gemini-1.5-flash-002,ZsmLdbeGuqIJRWi_1pUfj0g7lP4oZXMuz1t7QQ==,PoT,39.293765408777
gemini-1.5-flash-002,ZsmLdbeGuqIJRWi_1pUfj0g7lP4oZXMuz1t7QQ==,PoT,38.262252939417984
gemini-1.5-flash-002,ZsmLdbeGuqIJRWi_1pUfj0g7lP4oZXMuz1t7QQ==,PoT,38.262252939417984
gemini-1.5-flash-002,ZsmLdbeGuqIJRWi_1pUfj0g7lP4oZXMuz1t7QQ==,PoT,39.293765408777
gemini-1.5-flash-002,ZsmLdbeGuqIJRWi_1pUfj0g7lP4oZXMuz1t7QQ==,PoT,38.262252939417984
gemini-1.5-flash-002,ZsmLdbeGuqIJRWi_1pUfj0g7lP4oZXMuz1t7QQ==,PoT,38.262252939417984
gemini-1.5-flash-002,ZsmLdbeGuqIJRWi_1pUfj0g7lP4oZXMuz1t7QQ==,PoT,38.262252939417984
gemini-1.5-flash-002,ZsmLdbeGuqIJRWi_1pUfj0g7lP4oZXMuz1t7QQ==,PoT,39.293765408777
gemini-1.5-flash-002,ZsmLdbeGuqIJRWi_1pUfj0g7lP4oZXMuz1t7QQ==,PoT,39.293765408777
gemini-1.5-flash-002,ZsmLdbeGuqIJRWi_1pUfj0g7lP4oZXMuz1t7QQ==,PoT,39.293765408777
gemini-1.5-flash-002,ZsmLdbeGuqIJRWi_1pUfj0g7lP4oZXMuz1t7QQ==,PoT,39.293765408777
gemini-1.5-flash-002,ZsmLdbeGuqIJRWi_1pUfj0g7lP4oZXMuz1t7QQ==,PoT,39.293765408777
gemini-1.5-flash-002,ZsmLdbeGuqIJRWi_1pUfj0g7lP4oZXMuz1t7QQ==,PoT,39.293765408777
gemini-1.5-flash-002,ZsmLdbeGuqIJRWi_1pUfj0g7lP4oZXMuz1t7QQ==,PoT,39.293765408777
gemini-1.5-flash-002,ZsmLdbeGuqIJRWi_1pUfj0g7lP4oZXMuz1t7QQ==,PoT,39.293765408777
gemini-1.5-flash-002,ZsmLdbeGuqIJRWi_1pUfj0g7lP4oZXMuz1t7QQ==,PoT,39.293765408777
gemini-1.5-flash-002,ZsmLdbeGuqIJRWi_1pUfj0g7lP4oZXMuz1t7QQ==,PoT,39.293765408777
gemini-1.5-flash-002,ZsmLdbeGuqIJRWi_1pUfj0g7lP4oZXMuz1t7QQ==,PoT,38.262252939417984
gemini-1.5-flash-002,ZsmLdbeGuqIJRWi_1pUfj0g7lP4oZXMuz1t7QQ==,PoT,39.293765408777
gemini-1.5-flash-002,ZsmLdbeGuqIJRWi_1pUfj0g7lP4oZXMuz1t7QQ==,PoT,39.293765408777
gemini-1.5-flash-002,ZsmLdbeGuqIJRWi_1pUfj0g7lP4oZXMuz1t7QQ==,PoT,38.948684188300895
gemini-1.5-flash-002,ZsmLdbeGuqIJRWi_1pUfj0g7lP4oZXMuz1t7QQ==,PoT,39.293765408777
gemini-1.5-flash-002,ZsmLdbeGuqIJRWi_1pUfj0g7lP4oZXMuz1t7QQ==,PoT,38.0
gemini-1.5-flash-002,ZsmLdbeGuqIJRWi_1pUfj0g7lP4oZXMuz1t7QQ==,PoT,39.293765408777
gemini-1.5-flash-002,ZsmLdbeGuqIJRWi_1pUfj0g7lP4oZXMuz1t7QQ==,PoT,39.293765408777
gemini-1.5-flash-002,ZsmLdbeGuqIJRWi_1pUfj0g7lP4oZXMuz1t7QQ==,PoT,39.293765408777
gemini-1.5-flash-002,ZsmLdbeGuqIJRWi_1pUfj0g7lP4oZXMuz1t7QQ==,PoT,39.293765408777
