model,account,type,right,steps
gemini-1.5-flash-002,0l8LGCOE0BO1WFOe2b7RdKTBiGhPWYgr53kOLA==,CoT,=FALSE(),+
gemini-1.5-flash-002,0l8LGCOE0BO1WFOe2b7RdKTBiGhPWYgr53kOLA==,CoT,=FALSE(),5
gemini-1.5-flash-002,0l8LGCOE0BO1WFOe2b7RdKTBiGhPWYgr53kOLA==,CoT,=FALSE(),+
gemini-1.5-flash-002,0l8LGCOE0BO1WFOe2b7RdKTBiGhPWYgr53kOLA==,CoT,=FALSE(),+
gemini-1.5-flash-002,0l8LGCOE0BO1WFOe2b7RdKTBiGhPWYgr53kOLA==,CoT,=FALSE(),+
gemini-1.5-flash-002,0l8LGCOE0BO1WFOe2b7RdKTBiGhPWYgr53kOLA==,CoT,=FALSE(),+
gemini-1.5-flash-002,0l8LGCOE0BO1WFOe2b7RdKTBiGhPWYgr53kOLA==,CoT,=FALSE(),+
gemini-1.5-flash-002,0l8LGCOE0BO1WFOe2b7RdKTBiGhPWYgr53kOLA==,CoT,=FALSE(),20
gemini-1.5-flash-002,0l8LGCOE0BO1WFOe2b7RdKTBiGhPWYgr53kOLA==,CoT,=FALSE(),14
gemini-1.5-flash-002,0l8LGCOE0BO1WFOe2b7RdKTBiGhPWYgr53kOLA==,CoT,=FALSE(),10
gemini-1.5-flash-002,0l8LGCOE0BO1WFOe2b7RdKTBiGhPWYgr53kOLA==,CoT,=FALSE(),+
gemini-1.5-flash-002,0l8LGCOE0BO1WFOe2b7RdKTBiGhPWYgr53kOLA==,CoT,=FALSE(),+
gemini-1.5-flash-002,0l8LGCOE0BO1WFOe2b7RdKTBiGhPWYgr53kOLA==,CoT,=FALSE(),+
gemini-1.5-flash-002,0l8LGCOE0BO1WFOe2b7RdKTBiGhPWYgr53kOLA==,CoT,=FALSE(),20
gemini-1.5-flash-002,0l8LGCOE0BO1WFOe2b7RdKTBiGhPWYgr53kOLA==,CoT,=FALSE(),13
gemini-1.5-flash-002,0l8LGCOE0BO1WFOe2b7RdKTBiGhPWYgr53kOLA==,CoT,=FALSE(),13
gemini-1.5-flash-002,0l8LGCOE0BO1WFOe2b7RdKTBiGhPWYgr53kOLA==,CoT,=FALSE(),13
gemini-1.5-flash-002,0l8LGCOE0BO1WFOe2b7RdKTBiGhPWYgr53kOLA==,CoT,=FALSE(),10
gemini-1.5-flash-002,0l8LGCOE0BO1WFOe2b7RdKTBiGhPWYgr53kOLA==,CoT,=FALSE(),14
gemini-1.5-flash-002,0l8LGCOE0BO1WFOe2b7RdKTBiGhPWYgr53kOLA==,CoT,=FALSE(),+
gemini-1.5-flash-002,0l8LGCOE0BO1WFOe2b7RdKTBiGhPWYgr53kOLA==,CoT,=FALSE(),+
gemini-1.5-flash-002,0l8LGCOE0BO1WFOe2b7RdKTBiGhPWYgr53kOLA==,CoT,=FALSE(),+
gemini-1.5-flash-002,0l8LGCOE0BO1WFOe2b7RdKTBiGhPWYgr53kOLA==,CoT,=FALSE(),+
gemini-1.5-flash-002,0l8LGCOE0BO1WFOe2b7RdKTBiGhPWYgr53kOLA==,CoT,=FALSE(),22
gemini-1.5-flash-002,0l8LGCOE0BO1WFOe2b7RdKTBiGhPWYgr53kOLA==,CoT,=FALSE(),16
gemini-1.5-flash-002,0l8LGCOE0BO1WFOe2b7RdKTBiGhPWYgr53kOLA==,CoT,=FALSE(),9
gemini-1.5-flash-002,0l8LGCOE0BO1WFOe2b7RdKTBiGhPWYgr53kOLA==,CoT,=FALSE(),+
gemini-1.5-flash-002,0l8LGCOE0BO1WFOe2b7RdKTBiGhPWYgr53kOLA==,CoT,=FALSE(),13
gemini-1.5-flash-002,0l8LGCOE0BO1WFOe2b7RdKTBiGhPWYgr53kOLA==,CoT,=FALSE(),7
gemini-1.5-flash-002,0l8LGCOE0BO1WFOe2b7RdKTBiGhPWYgr53kOLA==,CoT,=FALSE(),+
gemini-1.5-flash-002,0l8LGCOE0BO1WFOe2b7RdKTBiGhPWYgr53kOLA==,CoT,=FALSE(),13
gemini-1.5-flash-002,0l8LGCOE0BO1WFOe2b7RdKTBiGhPWYgr53kOLA==,CoT,=FALSE(),13
gemini-1.5-flash-002,0l8LGCOE0BO1WFOe2b7RdKTBiGhPWYgr53kOLA==,CoT,=FALSE(),+
gemini-1.5-flash-002,0l8LGCOE0BO1WFOe2b7RdKTBiGhPWYgr53kOLA==,CoT,=FALSE(),+
gemini-1.5-flash-002,0l8LGCOE0BO1WFOe2b7RdKTBiGhPWYgr53kOLA==,CoT,=FALSE(),13
gemini-1.5-flash-002,0l8LGCOE0BO1WFOe2b7RdKTBiGhPWYgr53kOLA==,CoT,=FALSE(),6
gemini-1.5-flash-002,0l8LGCOE0BO1WFOe2b7RdKTBiGhPWYgr53kOLA==,CoT,=FALSE(),13
gemini-1.5-flash-002,0l8LGCOE0BO1WFOe2b7RdKTBiGhPWYgr53kOLA==,CoT,=FALSE(),13
gemini-1.5-flash-002,0l8LGCOE0BO1WFOe2b7RdKTBiGhPWYgr53kOLA==,CoT,=FALSE(),+
gemini-1.5-flash-002,0l8LGCOE0BO1WFOe2b7RdKTBiGhPWYgr53kOLA==,CoT,=FALSE(),13
gemini-1.5-flash-002,0l8LGCOE0BO1WFOe2b7RdKTBiGhPWYgr53kOLA==,CoT,=FALSE(),5
gemini-1.5-flash-002,0l8LGCOE0BO1WFOe2b7RdKTBiGhPWYgr53kOLA==,CoT,=FALSE(),14
gemini-1.5-flash-002,0l8LGCOE0BO1WFOe2b7RdKTBiGhPWYgr53kOLA==,CoT,=FALSE(),13
gemini-1.5-flash-002,0l8LGCOE0BO1WFOe2b7RdKTBiGhPWYgr53kOLA==,CoT,=FALSE(),+
gemini-1.5-flash-002,0l8LGCOE0BO1WFOe2b7RdKTBiGhPWYgr53kOLA==,CoT,=FALSE(),+
gemini-1.5-flash-002,0l8LGCOE0BO1WFOe2b7RdKTBiGhPWYgr53kOLA==,CoT,=FALSE(),7
gemini-1.5-flash-002,0l8LGCOE0BO1WFOe2b7RdKTBiGhPWYgr53kOLA==,CoT,=FALSE(),+
gemini-1.5-flash-002,0l8LGCOE0BO1WFOe2b7RdKTBiGhPWYgr53kOLA==,CoT,=FALSE(),+
gemini-1.5-flash-002,0l8LGCOE0BO1WFOe2b7RdKTBiGhPWYgr53kOLA==,CoT,=FALSE(),17
gemini-1.5-flash-002,0l8LGCOE0BO1WFOe2b7RdKTBiGhPWYgr53kOLA==,CoT,=FALSE(),+
gemini-1.5-flash-002,0l8LGCOE0BO1WFOe2b7RdKTBiGhPWYgr53kOLA==,CoT,=FALSE(),+
gemini-1.5-flash-002,0l8LGCOE0BO1WFOe2b7RdKTBiGhPWYgr53kOLA==,CoT,=FALSE(),+
gemini-1.5-flash-002,0l8LGCOE0BO1WFOe2b7RdKTBiGhPWYgr53kOLA==,CoT,=FALSE(),13
gemini-1.5-flash-002,0l8LGCOE0BO1WFOe2b7RdKTBiGhPWYgr53kOLA==,CoT,=FALSE(),7
gemini-1.5-flash-002,0l8LGCOE0BO1WFOe2b7RdKTBiGhPWYgr53kOLA==,CoT,=FALSE(),19
gemini-1.5-flash-002,0l8LGCOE0BO1WFOe2b7RdKTBiGhPWYgr53kOLA==,CoT,=FALSE(),+
gemini-1.5-flash-002,0l8LGCOE0BO1WFOe2b7RdKTBiGhPWYgr53kOLA==,CoT,=FALSE(),+
gemini-1.5-flash-002,0l8LGCOE0BO1WFOe2b7RdKTBiGhPWYgr53kOLA==,CoT,=FALSE(),15
gemini-1.5-flash-002,0l8LGCOE0BO1WFOe2b7RdKTBiGhPWYgr53kOLA==,CoT,=FALSE(),+
gemini-1.5-flash-002,0l8LGCOE0BO1WFOe2b7RdKTBiGhPWYgr53kOLA==,CoT,=FALSE(),+
gemini-1.5-flash-002,0l8LGCOE0BO1WFOe2b7RdKTBiGhPWYgr53kOLA==,CoT,=FALSE(),14
gemini-1.5-flash-002,0l8LGCOE0BO1WFOe2b7RdKTBiGhPWYgr53kOLA==,CoT,=FALSE(),+
gemini-1.5-flash-002,0l8LGCOE0BO1WFOe2b7RdKTBiGhPWYgr53kOLA==,CoT,=FALSE(),14
gemini-1.5-flash-002,0l8LGCOE0BO1WFOe2b7RdKTBiGhPWYgr53kOLA==,CoT,=FALSE(),+
gemini-1.5-flash-002,0l8LGCOE0BO1WFOe2b7RdKTBiGhPWYgr53kOLA==,CoT,=FALSE(),+
gemini-1.5-flash-002,0l8LGCOE0BO1WFOe2b7RdKTBiGhPWYgr53kOLA==,CoT,=FALSE(),13
gemini-1.5-flash-002,0l8LGCOE0BO1WFOe2b7RdKTBiGhPWYgr53kOLA==,CoT,=FALSE(),7
gemini-1.5-flash-002,0l8LGCOE0BO1WFOe2b7RdKTBiGhPWYgr53kOLA==,CoT,=FALSE(),+
gemini-1.5-flash-002,0l8LGCOE0BO1WFOe2b7RdKTBiGhPWYgr53kOLA==,CoT,=FALSE(),+
gemini-1.5-flash-002,0l8LGCOE0BO1WFOe2b7RdKTBiGhPWYgr53kOLA==,CoT,=FALSE(),+
gemini-1.5-flash-002,0l8LGCOE0BO1WFOe2b7RdKTBiGhPWYgr53kOLA==,CoT,=FALSE(),+
gemini-1.5-flash-002,0l8LGCOE0BO1WFOe2b7RdKTBiGhPWYgr53kOLA==,CoT,=FALSE(),10
gemini-1.5-flash-002,0l8LGCOE0BO1WFOe2b7RdKTBiGhPWYgr53kOLA==,CoT,=FALSE(),+
gemini-1.5-flash-002,0l8LGCOE0BO1WFOe2b7RdKTBiGhPWYgr53kOLA==,CoT,=FALSE(),+
gemini-1.5-flash-002,0l8LGCOE0BO1WFOe2b7RdKTBiGhPWYgr53kOLA==,CoT,=FALSE(),9
gemini-1.5-flash-002,0l8LGCOE0BO1WFOe2b7RdKTBiGhPWYgr53kOLA==,CoT,=FALSE(),20
gemini-1.5-flash-002,0l8LGCOE0BO1WFOe2b7RdKTBiGhPWYgr53kOLA==,CoT,=FALSE(),+
gemini-1.5-flash-002,0l8LGCOE0BO1WFOe2b7RdKTBiGhPWYgr53kOLA==,CoT,=FALSE(),17
gemini-1.5-flash-002,0l8LGCOE0BO1WFOe2b7RdKTBiGhPWYgr53kOLA==,CoT,=FALSE(),20
gemini-1.5-flash-002,0l8LGCOE0BO1WFOe2b7RdKTBiGhPWYgr53kOLA==,CoT,=FALSE(),13
gemini-1.5-flash-002,0l8LGCOE0BO1WFOe2b7RdKTBiGhPWYgr53kOLA==,CoT,=FALSE(),20
gemini-1.5-flash-002,0l8LGCOE0BO1WFOe2b7RdKTBiGhPWYgr53kOLA==,CoT,=FALSE(),17
gemini-1.5-flash-002,0l8LGCOE0BO1WFOe2b7RdKTBiGhPWYgr53kOLA==,CoT,=FALSE(),+
gemini-1.5-flash-002,0l8LGCOE0BO1WFOe2b7RdKTBiGhPWYgr53kOLA==,CoT,=FALSE(),17
gemini-1.5-flash-002,0l8LGCOE0BO1WFOe2b7RdKTBiGhPWYgr53kOLA==,CoT,=FALSE(),+
gemini-1.5-flash-002,0l8LGCOE0BO1WFOe2b7RdKTBiGhPWYgr53kOLA==,CoT,=FALSE(),10
gemini-1.5-flash-002,0l8LGCOE0BO1WFOe2b7RdKTBiGhPWYgr53kOLA==,CoT,=FALSE(),+
gemini-1.5-flash-002,0l8LGCOE0BO1WFOe2b7RdKTBiGhPWYgr53kOLA==,CoT,=FALSE(),+
gemini-1.5-flash-002,0l8LGCOE0BO1WFOe2b7RdKTBiGhPWYgr53kOLA==,CoT,=FALSE(),17
gemini-1.5-flash-002,0l8LGCOE0BO1WFOe2b7RdKTBiGhPWYgr53kOLA==,CoT,=FALSE(),13
gemini-1.5-flash-002,0l8LGCOE0BO1WFOe2b7RdKTBiGhPWYgr53kOLA==,CoT,=FALSE(),+
gemini-1.5-flash-002,0l8LGCOE0BO1WFOe2b7RdKTBiGhPWYgr53kOLA==,CoT,=FALSE(),+
gemini-1.5-flash-002,0l8LGCOE0BO1WFOe2b7RdKTBiGhPWYgr53kOLA==,CoT,=FALSE(),+
gemini-1.5-flash-002,0l8LGCOE0BO1WFOe2b7RdKTBiGhPWYgr53kOLA==,CoT,=FALSE(),+
gemini-1.5-flash-002,0l8LGCOE0BO1WFOe2b7RdKTBiGhPWYgr53kOLA==,CoT,=FALSE(),14
gemini-1.5-flash-002,0l8LGCOE0BO1WFOe2b7RdKTBiGhPWYgr53kOLA==,CoT,=FALSE(),17
gemini-1.5-flash-002,0l8LGCOE0BO1WFOe2b7RdKTBiGhPWYgr53kOLA==,CoT,=FALSE(),+
gemini-1.5-flash-002,0l8LGCOE0BO1WFOe2b7RdKTBiGhPWYgr53kOLA==,CoT,=FALSE(),+
gemini-1.5-flash-002,0l8LGCOE0BO1WFOe2b7RdKTBiGhPWYgr53kOLA==,CoT,=FALSE(),+
gemini-1.5-flash-002,0l8LGCOE0BO1WFOe2b7RdKTBiGhPWYgr53kOLA==,CoT,=FALSE(),5
gemini-1.5-flash-002,2whG648zzuYtz_mexEp2R6NdZQyzat9cZEkWcQ==,CoT,=FALSE(),+
gemini-1.5-flash-002,2whG648zzuYtz_mexEp2R6NdZQyzat9cZEkWcQ==,CoT,=FALSE(),+
gemini-1.5-flash-002,2whG648zzuYtz_mexEp2R6NdZQyzat9cZEkWcQ==,CoT,=FALSE(),10
gemini-1.5-flash-002,2whG648zzuYtz_mexEp2R6NdZQyzat9cZEkWcQ==,CoT,=FALSE(),+
gemini-1.5-flash-002,2whG648zzuYtz_mexEp2R6NdZQyzat9cZEkWcQ==,CoT,=FALSE(),+
gemini-1.5-flash-002,2whG648zzuYtz_mexEp2R6NdZQyzat9cZEkWcQ==,CoT,=FALSE(),9
gemini-1.5-flash-002,2whG648zzuYtz_mexEp2R6NdZQyzat9cZEkWcQ==,CoT,=FALSE(),+
gemini-1.5-flash-002,2whG648zzuYtz_mexEp2R6NdZQyzat9cZEkWcQ==,CoT,=FALSE(),+
gemini-1.5-flash-002,2whG648zzuYtz_mexEp2R6NdZQyzat9cZEkWcQ==,CoT,=FALSE(),+
gemini-1.5-flash-002,2whG648zzuYtz_mexEp2R6NdZQyzat9cZEkWcQ==,CoT,=FALSE(),+
gemini-1.5-flash-002,2whG648zzuYtz_mexEp2R6NdZQyzat9cZEkWcQ==,CoT,=FALSE(),+
gemini-1.5-flash-002,2whG648zzuYtz_mexEp2R6NdZQyzat9cZEkWcQ==,CoT,=FALSE(),17
gemini-1.5-flash-002,2whG648zzuYtz_mexEp2R6NdZQyzat9cZEkWcQ==,CoT,=FALSE(),15
gemini-1.5-flash-002,2whG648zzuYtz_mexEp2R6NdZQyzat9cZEkWcQ==,CoT,=FALSE(),+
gemini-1.5-flash-002,2whG648zzuYtz_mexEp2R6NdZQyzat9cZEkWcQ==,CoT,=FALSE(),+
gemini-1.5-flash-002,2whG648zzuYtz_mexEp2R6NdZQyzat9cZEkWcQ==,CoT,=FALSE(),+
gemini-1.5-flash-002,2whG648zzuYtz_mexEp2R6NdZQyzat9cZEkWcQ==,CoT,=FALSE(),+
gemini-1.5-flash-002,2whG648zzuYtz_mexEp2R6NdZQyzat9cZEkWcQ==,CoT,=FALSE(),5
gemini-1.5-flash-002,2whG648zzuYtz_mexEp2R6NdZQyzat9cZEkWcQ==,CoT,=FALSE(),+
gemini-1.5-flash-002,2whG648zzuYtz_mexEp2R6NdZQyzat9cZEkWcQ==,CoT,=FALSE(),+
gemini-1.5-flash-002,2whG648zzuYtz_mexEp2R6NdZQyzat9cZEkWcQ==,CoT,=FALSE(),+
gemini-1.5-flash-002,2whG648zzuYtz_mexEp2R6NdZQyzat9cZEkWcQ==,CoT,=FALSE(),+
gemini-1.5-flash-002,2whG648zzuYtz_mexEp2R6NdZQyzat9cZEkWcQ==,CoT,=FALSE(),+
gemini-1.5-flash-002,2whG648zzuYtz_mexEp2R6NdZQyzat9cZEkWcQ==,CoT,=FALSE(),17
gemini-1.5-flash-002,2whG648zzuYtz_mexEp2R6NdZQyzat9cZEkWcQ==,CoT,=FALSE(),+
gemini-1.5-flash-002,2whG648zzuYtz_mexEp2R6NdZQyzat9cZEkWcQ==,CoT,=FALSE(),15
gemini-1.5-flash-002,2whG648zzuYtz_mexEp2R6NdZQyzat9cZEkWcQ==,CoT,=FALSE(),+
gemini-1.5-flash-002,2whG648zzuYtz_mexEp2R6NdZQyzat9cZEkWcQ==,CoT,=FALSE(),21
gemini-1.5-flash-002,2whG648zzuYtz_mexEp2R6NdZQyzat9cZEkWcQ==,CoT,=FALSE(),13
gemini-1.5-flash-002,2whG648zzuYtz_mexEp2R6NdZQyzat9cZEkWcQ==,CoT,=FALSE(),6
gemini-1.5-flash-002,2whG648zzuYtz_mexEp2R6NdZQyzat9cZEkWcQ==,CoT,=FALSE(),+
gemini-1.5-flash-002,2whG648zzuYtz_mexEp2R6NdZQyzat9cZEkWcQ==,CoT,=FALSE(),+
gemini-1.5-flash-002,2whG648zzuYtz_mexEp2R6NdZQyzat9cZEkWcQ==,CoT,=FALSE(),6
gemini-1.5-flash-002,2whG648zzuYtz_mexEp2R6NdZQyzat9cZEkWcQ==,CoT,=FALSE(),+
gemini-1.5-flash-002,2whG648zzuYtz_mexEp2R6NdZQyzat9cZEkWcQ==,CoT,=FALSE(),+
gemini-1.5-flash-002,2whG648zzuYtz_mexEp2R6NdZQyzat9cZEkWcQ==,CoT,=FALSE(),15
gemini-1.5-flash-002,2whG648zzuYtz_mexEp2R6NdZQyzat9cZEkWcQ==,CoT,=FALSE(),18
gemini-1.5-flash-002,2whG648zzuYtz_mexEp2R6NdZQyzat9cZEkWcQ==,CoT,=FALSE(),+
gemini-1.5-flash-002,2whG648zzuYtz_mexEp2R6NdZQyzat9cZEkWcQ==,CoT,=FALSE(),13
gemini-1.5-flash-002,2whG648zzuYtz_mexEp2R6NdZQyzat9cZEkWcQ==,CoT,=FALSE(),17
gemini-1.5-flash-002,2whG648zzuYtz_mexEp2R6NdZQyzat9cZEkWcQ==,CoT,=FALSE(),+
gemini-1.5-flash-002,2whG648zzuYtz_mexEp2R6NdZQyzat9cZEkWcQ==,CoT,=FALSE(),14
gemini-1.5-flash-002,2whG648zzuYtz_mexEp2R6NdZQyzat9cZEkWcQ==,CoT,=FALSE(),17
gemini-1.5-flash-002,2whG648zzuYtz_mexEp2R6NdZQyzat9cZEkWcQ==,CoT,=FALSE(),17
gemini-1.5-flash-002,2whG648zzuYtz_mexEp2R6NdZQyzat9cZEkWcQ==,CoT,=FALSE(),+
gemini-1.5-flash-002,2whG648zzuYtz_mexEp2R6NdZQyzat9cZEkWcQ==,CoT,=FALSE(),14
gemini-1.5-flash-002,2whG648zzuYtz_mexEp2R6NdZQyzat9cZEkWcQ==,CoT,=FALSE(),16
gemini-1.5-flash-002,2whG648zzuYtz_mexEp2R6NdZQyzat9cZEkWcQ==,CoT,=FALSE(),+
gemini-1.5-flash-002,2whG648zzuYtz_mexEp2R6NdZQyzat9cZEkWcQ==,CoT,=FALSE(),+
gemini-1.5-flash-002,2whG648zzuYtz_mexEp2R6NdZQyzat9cZEkWcQ==,CoT,=FALSE(),+
gemini-1.5-flash-002,2whG648zzuYtz_mexEp2R6NdZQyzat9cZEkWcQ==,CoT,=FALSE(),+
gemini-1.5-flash-002,2whG648zzuYtz_mexEp2R6NdZQyzat9cZEkWcQ==,CoT,=FALSE(),+
gemini-1.5-flash-002,2whG648zzuYtz_mexEp2R6NdZQyzat9cZEkWcQ==,CoT,=FALSE(),+
gemini-1.5-flash-002,2whG648zzuYtz_mexEp2R6NdZQyzat9cZEkWcQ==,CoT,=FALSE(),13
gemini-1.5-flash-002,2whG648zzuYtz_mexEp2R6NdZQyzat9cZEkWcQ==,CoT,=FALSE(),+
gemini-1.5-flash-002,2whG648zzuYtz_mexEp2R6NdZQyzat9cZEkWcQ==,CoT,=FALSE(),14
gemini-1.5-flash-002,2whG648zzuYtz_mexEp2R6NdZQyzat9cZEkWcQ==,CoT,=FALSE(),7
gemini-1.5-flash-002,2whG648zzuYtz_mexEp2R6NdZQyzat9cZEkWcQ==,CoT,=FALSE(),+
gemini-1.5-flash-002,2whG648zzuYtz_mexEp2R6NdZQyzat9cZEkWcQ==,CoT,=FALSE(),14
gemini-1.5-flash-002,2whG648zzuYtz_mexEp2R6NdZQyzat9cZEkWcQ==,CoT,=FALSE(),+
gemini-1.5-flash-002,2whG648zzuYtz_mexEp2R6NdZQyzat9cZEkWcQ==,CoT,=FALSE(),+
gemini-1.5-flash-002,2whG648zzuYtz_mexEp2R6NdZQyzat9cZEkWcQ==,CoT,=FALSE(),21
gemini-1.5-flash-002,2whG648zzuYtz_mexEp2R6NdZQyzat9cZEkWcQ==,CoT,=FALSE(),+
gemini-1.5-flash-002,2whG648zzuYtz_mexEp2R6NdZQyzat9cZEkWcQ==,CoT,=FALSE(),+
gemini-1.5-flash-002,2whG648zzuYtz_mexEp2R6NdZQyzat9cZEkWcQ==,CoT,=FALSE(),+
gemini-1.5-flash-002,2whG648zzuYtz_mexEp2R6NdZQyzat9cZEkWcQ==,CoT,=FALSE(),+
gemini-1.5-flash-002,2whG648zzuYtz_mexEp2R6NdZQyzat9cZEkWcQ==,CoT,=FALSE(),+
gemini-1.5-flash-002,2whG648zzuYtz_mexEp2R6NdZQyzat9cZEkWcQ==,CoT,=FALSE(),16
gemini-1.5-flash-002,2whG648zzuYtz_mexEp2R6NdZQyzat9cZEkWcQ==,CoT,=FALSE(),18
gemini-1.5-flash-002,2whG648zzuYtz_mexEp2R6NdZQyzat9cZEkWcQ==,CoT,=FALSE(),5
gemini-1.5-flash-002,2whG648zzuYtz_mexEp2R6NdZQyzat9cZEkWcQ==,CoT,=FALSE(),+
gemini-1.5-flash-002,2whG648zzuYtz_mexEp2R6NdZQyzat9cZEkWcQ==,CoT,=FALSE(),21
gemini-1.5-flash-002,2whG648zzuYtz_mexEp2R6NdZQyzat9cZEkWcQ==,CoT,=FALSE(),11
gemini-1.5-flash-002,2whG648zzuYtz_mexEp2R6NdZQyzat9cZEkWcQ==,CoT,=FALSE(),+
gemini-1.5-flash-002,2whG648zzuYtz_mexEp2R6NdZQyzat9cZEkWcQ==,CoT,=FALSE(),+
gemini-1.5-flash-002,2whG648zzuYtz_mexEp2R6NdZQyzat9cZEkWcQ==,CoT,=FALSE(),+
gemini-1.5-flash-002,2whG648zzuYtz_mexEp2R6NdZQyzat9cZEkWcQ==,CoT,=FALSE(),+
gemini-1.5-flash-002,2whG648zzuYtz_mexEp2R6NdZQyzat9cZEkWcQ==,CoT,=FALSE(),+
gemini-1.5-flash-002,2whG648zzuYtz_mexEp2R6NdZQyzat9cZEkWcQ==,CoT,=FALSE(),14
gemini-1.5-flash-002,2whG648zzuYtz_mexEp2R6NdZQyzat9cZEkWcQ==,CoT,=FALSE(),+
gemini-1.5-flash-002,2whG648zzuYtz_mexEp2R6NdZQyzat9cZEkWcQ==,CoT,=FALSE(),+
gemini-1.5-flash-002,2whG648zzuYtz_mexEp2R6NdZQyzat9cZEkWcQ==,CoT,=FALSE(),+
gemini-1.5-flash-002,2whG648zzuYtz_mexEp2R6NdZQyzat9cZEkWcQ==,CoT,=FALSE(),14
gemini-1.5-flash-002,2whG648zzuYtz_mexEp2R6NdZQyzat9cZEkWcQ==,CoT,=FALSE(),+
gemini-1.5-flash-002,2whG648zzuYtz_mexEp2R6NdZQyzat9cZEkWcQ==,CoT,=FALSE(),+
gemini-1.5-flash-002,2whG648zzuYtz_mexEp2R6NdZQyzat9cZEkWcQ==,CoT,=FALSE(),+
gemini-1.5-flash-002,2whG648zzuYtz_mexEp2R6NdZQyzat9cZEkWcQ==,CoT,=FALSE(),13
gemini-1.5-flash-002,2whG648zzuYtz_mexEp2R6NdZQyzat9cZEkWcQ==,CoT,=FALSE(),+
gemini-1.5-flash-002,2whG648zzuYtz_mexEp2R6NdZQyzat9cZEkWcQ==,CoT,=FALSE(),+
gemini-1.5-flash-002,2whG648zzuYtz_mexEp2R6NdZQyzat9cZEkWcQ==,CoT,=FALSE(),17
gemini-1.5-flash-002,2whG648zzuYtz_mexEp2R6NdZQyzat9cZEkWcQ==,CoT,=FALSE(),+
gemini-1.5-flash-002,2whG648zzuYtz_mexEp2R6NdZQyzat9cZEkWcQ==,CoT,=FALSE(),13
gemini-1.5-flash-002,2whG648zzuYtz_mexEp2R6NdZQyzat9cZEkWcQ==,CoT,=FALSE(),13
gemini-1.5-flash-002,2whG648zzuYtz_mexEp2R6NdZQyzat9cZEkWcQ==,CoT,=FALSE(),14
gemini-1.5-flash-002,2whG648zzuYtz_mexEp2R6NdZQyzat9cZEkWcQ==,CoT,=FALSE(),+
gemini-1.5-flash-002,2whG648zzuYtz_mexEp2R6NdZQyzat9cZEkWcQ==,CoT,=FALSE(),6
gemini-1.5-flash-002,2whG648zzuYtz_mexEp2R6NdZQyzat9cZEkWcQ==,CoT,=FALSE(),16
gemini-1.5-flash-002,2whG648zzuYtz_mexEp2R6NdZQyzat9cZEkWcQ==,CoT,=FALSE(),5
gemini-1.5-flash-002,2whG648zzuYtz_mexEp2R6NdZQyzat9cZEkWcQ==,CoT,=FALSE(),13
gemini-1.5-flash-002,2whG648zzuYtz_mexEp2R6NdZQyzat9cZEkWcQ==,CoT,=FALSE(),16
gemini-1.5-flash-002,3PkdlJxKFjFEsNOw_E-EI5TLYG57Sod5VZnX6Q==,CoT,=FALSE(),6
gemini-1.5-flash-002,3PkdlJxKFjFEsNOw_E-EI5TLYG57Sod5VZnX6Q==,CoT,=FALSE(),13
gemini-1.5-flash-002,3PkdlJxKFjFEsNOw_E-EI5TLYG57Sod5VZnX6Q==,CoT,=FALSE(),6
gemini-1.5-flash-002,3PkdlJxKFjFEsNOw_E-EI5TLYG57Sod5VZnX6Q==,CoT,=FALSE(),+
gemini-1.5-flash-002,3PkdlJxKFjFEsNOw_E-EI5TLYG57Sod5VZnX6Q==,CoT,=FALSE(),+
gemini-1.5-flash-002,3PkdlJxKFjFEsNOw_E-EI5TLYG57Sod5VZnX6Q==,CoT,=FALSE(),+
gemini-1.5-flash-002,3PkdlJxKFjFEsNOw_E-EI5TLYG57Sod5VZnX6Q==,CoT,=FALSE(),18
gemini-1.5-flash-002,3PkdlJxKFjFEsNOw_E-EI5TLYG57Sod5VZnX6Q==,CoT,=FALSE(),9
gemini-1.5-flash-002,3PkdlJxKFjFEsNOw_E-EI5TLYG57Sod5VZnX6Q==,CoT,=FALSE(),10
gemini-1.5-flash-002,3PkdlJxKFjFEsNOw_E-EI5TLYG57Sod5VZnX6Q==,CoT,=FALSE(),+
gemini-1.5-flash-002,3PkdlJxKFjFEsNOw_E-EI5TLYG57Sod5VZnX6Q==,CoT,=FALSE(),+
gemini-1.5-flash-002,3PkdlJxKFjFEsNOw_E-EI5TLYG57Sod5VZnX6Q==,CoT,=FALSE(),+
gemini-1.5-flash-002,3PkdlJxKFjFEsNOw_E-EI5TLYG57Sod5VZnX6Q==,CoT,=FALSE(),+
gemini-1.5-flash-002,3PkdlJxKFjFEsNOw_E-EI5TLYG57Sod5VZnX6Q==,CoT,=FALSE(),+
gemini-1.5-flash-002,3PkdlJxKFjFEsNOw_E-EI5TLYG57Sod5VZnX6Q==,CoT,=FALSE(),+
gemini-1.5-flash-002,3PkdlJxKFjFEsNOw_E-EI5TLYG57Sod5VZnX6Q==,CoT,=FALSE(),5
gemini-1.5-flash-002,3PkdlJxKFjFEsNOw_E-EI5TLYG57Sod5VZnX6Q==,CoT,=FALSE(),+
gemini-1.5-flash-002,3PkdlJxKFjFEsNOw_E-EI5TLYG57Sod5VZnX6Q==,CoT,=FALSE(),+
gemini-1.5-flash-002,3PkdlJxKFjFEsNOw_E-EI5TLYG57Sod5VZnX6Q==,CoT,=FALSE(),+
gemini-1.5-flash-002,3PkdlJxKFjFEsNOw_E-EI5TLYG57Sod5VZnX6Q==,CoT,=FALSE(),6
gemini-1.5-flash-002,3PkdlJxKFjFEsNOw_E-EI5TLYG57Sod5VZnX6Q==,CoT,=FALSE(),7
gemini-1.5-flash-002,3PkdlJxKFjFEsNOw_E-EI5TLYG57Sod5VZnX6Q==,CoT,=FALSE(),+
gemini-1.5-flash-002,3PkdlJxKFjFEsNOw_E-EI5TLYG57Sod5VZnX6Q==,CoT,=FALSE(),+
gemini-1.5-flash-002,3PkdlJxKFjFEsNOw_E-EI5TLYG57Sod5VZnX6Q==,CoT,=FALSE(),+
gemini-1.5-flash-002,3PkdlJxKFjFEsNOw_E-EI5TLYG57Sod5VZnX6Q==,CoT,=FALSE(),13
gemini-1.5-flash-002,3PkdlJxKFjFEsNOw_E-EI5TLYG57Sod5VZnX6Q==,CoT,=FALSE(),15
gemini-1.5-flash-002,3PkdlJxKFjFEsNOw_E-EI5TLYG57Sod5VZnX6Q==,CoT,=FALSE(),+
gemini-1.5-flash-002,3PkdlJxKFjFEsNOw_E-EI5TLYG57Sod5VZnX6Q==,CoT,=FALSE(),+
gemini-1.5-flash-002,3PkdlJxKFjFEsNOw_E-EI5TLYG57Sod5VZnX6Q==,CoT,=FALSE(),+
gemini-1.5-flash-002,3PkdlJxKFjFEsNOw_E-EI5TLYG57Sod5VZnX6Q==,CoT,=FALSE(),+
gemini-1.5-flash-002,3PkdlJxKFjFEsNOw_E-EI5TLYG57Sod5VZnX6Q==,CoT,=FALSE(),7
gemini-1.5-flash-002,3PkdlJxKFjFEsNOw_E-EI5TLYG57Sod5VZnX6Q==,CoT,=FALSE(),+
gemini-1.5-flash-002,3PkdlJxKFjFEsNOw_E-EI5TLYG57Sod5VZnX6Q==,CoT,=FALSE(),+
gemini-1.5-flash-002,3PkdlJxKFjFEsNOw_E-EI5TLYG57Sod5VZnX6Q==,CoT,=FALSE(),+
gemini-1.5-flash-002,3PkdlJxKFjFEsNOw_E-EI5TLYG57Sod5VZnX6Q==,CoT,=FALSE(),17
gemini-1.5-flash-002,3PkdlJxKFjFEsNOw_E-EI5TLYG57Sod5VZnX6Q==,CoT,=FALSE(),+
gemini-1.5-flash-002,3PkdlJxKFjFEsNOw_E-EI5TLYG57Sod5VZnX6Q==,CoT,=FALSE(),+
gemini-1.5-flash-002,3PkdlJxKFjFEsNOw_E-EI5TLYG57Sod5VZnX6Q==,CoT,=FALSE(),9
gemini-1.5-flash-002,3PkdlJxKFjFEsNOw_E-EI5TLYG57Sod5VZnX6Q==,CoT,=FALSE(),+
gemini-1.5-flash-002,3PkdlJxKFjFEsNOw_E-EI5TLYG57Sod5VZnX6Q==,CoT,=FALSE(),+
gemini-1.5-flash-002,3PkdlJxKFjFEsNOw_E-EI5TLYG57Sod5VZnX6Q==,CoT,=FALSE(),7
gemini-1.5-flash-002,3PkdlJxKFjFEsNOw_E-EI5TLYG57Sod5VZnX6Q==,CoT,=FALSE(),21
gemini-1.5-flash-002,3PkdlJxKFjFEsNOw_E-EI5TLYG57Sod5VZnX6Q==,CoT,=FALSE(),+
gemini-1.5-flash-002,3PkdlJxKFjFEsNOw_E-EI5TLYG57Sod5VZnX6Q==,CoT,=FALSE(),6
gemini-1.5-flash-002,3PkdlJxKFjFEsNOw_E-EI5TLYG57Sod5VZnX6Q==,CoT,=FALSE(),+
gemini-1.5-flash-002,3PkdlJxKFjFEsNOw_E-EI5TLYG57Sod5VZnX6Q==,CoT,=FALSE(),9
gemini-1.5-flash-002,3PkdlJxKFjFEsNOw_E-EI5TLYG57Sod5VZnX6Q==,CoT,=FALSE(),14
gemini-1.5-flash-002,3PkdlJxKFjFEsNOw_E-EI5TLYG57Sod5VZnX6Q==,CoT,=FALSE(),6
gemini-1.5-flash-002,3PkdlJxKFjFEsNOw_E-EI5TLYG57Sod5VZnX6Q==,CoT,=FALSE(),+
gemini-1.5-flash-002,3PkdlJxKFjFEsNOw_E-EI5TLYG57Sod5VZnX6Q==,CoT,=FALSE(),13
gemini-1.5-flash-002,3PkdlJxKFjFEsNOw_E-EI5TLYG57Sod5VZnX6Q==,CoT,=FALSE(),+
gemini-1.5-flash-002,3PkdlJxKFjFEsNOw_E-EI5TLYG57Sod5VZnX6Q==,CoT,=FALSE(),7
gemini-1.5-flash-002,3PkdlJxKFjFEsNOw_E-EI5TLYG57Sod5VZnX6Q==,CoT,=FALSE(),13
gemini-1.5-flash-002,3PkdlJxKFjFEsNOw_E-EI5TLYG57Sod5VZnX6Q==,CoT,=FALSE(),+
gemini-1.5-flash-002,3PkdlJxKFjFEsNOw_E-EI5TLYG57Sod5VZnX6Q==,CoT,=FALSE(),+
gemini-1.5-flash-002,3PkdlJxKFjFEsNOw_E-EI5TLYG57Sod5VZnX6Q==,CoT,=FALSE(),+
gemini-1.5-flash-002,3PkdlJxKFjFEsNOw_E-EI5TLYG57Sod5VZnX6Q==,CoT,=FALSE(),+
gemini-1.5-flash-002,3PkdlJxKFjFEsNOw_E-EI5TLYG57Sod5VZnX6Q==,CoT,=FALSE(),9
gemini-1.5-flash-002,3PkdlJxKFjFEsNOw_E-EI5TLYG57Sod5VZnX6Q==,CoT,=FALSE(),9
gemini-1.5-flash-002,3PkdlJxKFjFEsNOw_E-EI5TLYG57Sod5VZnX6Q==,CoT,=FALSE(),10
gemini-1.5-flash-002,3PkdlJxKFjFEsNOw_E-EI5TLYG57Sod5VZnX6Q==,CoT,=FALSE(),+
gemini-1.5-flash-002,3PkdlJxKFjFEsNOw_E-EI5TLYG57Sod5VZnX6Q==,CoT,=FALSE(),5
gemini-1.5-flash-002,3PkdlJxKFjFEsNOw_E-EI5TLYG57Sod5VZnX6Q==,CoT,=FALSE(),9
gemini-1.5-flash-002,3PkdlJxKFjFEsNOw_E-EI5TLYG57Sod5VZnX6Q==,CoT,=FALSE(),+
gemini-1.5-flash-002,3PkdlJxKFjFEsNOw_E-EI5TLYG57Sod5VZnX6Q==,CoT,=FALSE(),16
gemini-1.5-flash-002,3PkdlJxKFjFEsNOw_E-EI5TLYG57Sod5VZnX6Q==,CoT,=FALSE(),9
gemini-1.5-flash-002,3PkdlJxKFjFEsNOw_E-EI5TLYG57Sod5VZnX6Q==,CoT,=FALSE(),+
gemini-1.5-flash-002,3PkdlJxKFjFEsNOw_E-EI5TLYG57Sod5VZnX6Q==,CoT,=FALSE(),+
gemini-1.5-flash-002,3PkdlJxKFjFEsNOw_E-EI5TLYG57Sod5VZnX6Q==,CoT,=FALSE(),13
gemini-1.5-flash-002,3PkdlJxKFjFEsNOw_E-EI5TLYG57Sod5VZnX6Q==,CoT,=FALSE(),5
gemini-1.5-flash-002,3PkdlJxKFjFEsNOw_E-EI5TLYG57Sod5VZnX6Q==,CoT,=FALSE(),+
gemini-1.5-flash-002,3PkdlJxKFjFEsNOw_E-EI5TLYG57Sod5VZnX6Q==,CoT,=FALSE(),+
gemini-1.5-flash-002,3PkdlJxKFjFEsNOw_E-EI5TLYG57Sod5VZnX6Q==,CoT,=FALSE(),6
gemini-1.5-flash-002,3PkdlJxKFjFEsNOw_E-EI5TLYG57Sod5VZnX6Q==,CoT,=FALSE(),+
gemini-1.5-flash-002,3PkdlJxKFjFEsNOw_E-EI5TLYG57Sod5VZnX6Q==,CoT,=FALSE(),+
gemini-1.5-flash-002,3PkdlJxKFjFEsNOw_E-EI5TLYG57Sod5VZnX6Q==,CoT,=FALSE(),+
gemini-1.5-flash-002,3PkdlJxKFjFEsNOw_E-EI5TLYG57Sod5VZnX6Q==,CoT,=FALSE(),+
gemini-1.5-flash-002,3PkdlJxKFjFEsNOw_E-EI5TLYG57Sod5VZnX6Q==,CoT,=FALSE(),9
gemini-1.5-flash-002,3PkdlJxKFjFEsNOw_E-EI5TLYG57Sod5VZnX6Q==,CoT,=FALSE(),18
gemini-1.5-flash-002,3PkdlJxKFjFEsNOw_E-EI5TLYG57Sod5VZnX6Q==,CoT,=FALSE(),+
gemini-1.5-flash-002,3PkdlJxKFjFEsNOw_E-EI5TLYG57Sod5VZnX6Q==,CoT,=FALSE(),+
gemini-1.5-flash-002,3PkdlJxKFjFEsNOw_E-EI5TLYG57Sod5VZnX6Q==,CoT,=FALSE(),11
gemini-1.5-flash-002,3PkdlJxKFjFEsNOw_E-EI5TLYG57Sod5VZnX6Q==,CoT,=FALSE(),+
gemini-1.5-flash-002,3PkdlJxKFjFEsNOw_E-EI5TLYG57Sod5VZnX6Q==,CoT,=FALSE(),+
gemini-1.5-flash-002,3PkdlJxKFjFEsNOw_E-EI5TLYG57Sod5VZnX6Q==,CoT,=FALSE(),+
gemini-1.5-flash-002,3PkdlJxKFjFEsNOw_E-EI5TLYG57Sod5VZnX6Q==,CoT,=FALSE(),+
gemini-1.5-flash-002,3PkdlJxKFjFEsNOw_E-EI5TLYG57Sod5VZnX6Q==,CoT,=FALSE(),7
gemini-1.5-flash-002,3PkdlJxKFjFEsNOw_E-EI5TLYG57Sod5VZnX6Q==,CoT,=FALSE(),9
gemini-1.5-flash-002,3PkdlJxKFjFEsNOw_E-EI5TLYG57Sod5VZnX6Q==,CoT,=FALSE(),+
gemini-1.5-flash-002,3PkdlJxKFjFEsNOw_E-EI5TLYG57Sod5VZnX6Q==,CoT,=FALSE(),9
gemini-1.5-flash-002,3PkdlJxKFjFEsNOw_E-EI5TLYG57Sod5VZnX6Q==,CoT,=FALSE(),+
gemini-1.5-flash-002,3PkdlJxKFjFEsNOw_E-EI5TLYG57Sod5VZnX6Q==,CoT,=FALSE(),+
gemini-1.5-flash-002,3PkdlJxKFjFEsNOw_E-EI5TLYG57Sod5VZnX6Q==,CoT,=FALSE(),14
gemini-1.5-flash-002,3PkdlJxKFjFEsNOw_E-EI5TLYG57Sod5VZnX6Q==,CoT,=FALSE(),+
gemini-1.5-flash-002,3PkdlJxKFjFEsNOw_E-EI5TLYG57Sod5VZnX6Q==,CoT,=FALSE(),+
gemini-1.5-flash-002,3PkdlJxKFjFEsNOw_E-EI5TLYG57Sod5VZnX6Q==,CoT,=FALSE(),+
gemini-1.5-flash-002,3PkdlJxKFjFEsNOw_E-EI5TLYG57Sod5VZnX6Q==,CoT,=FALSE(),+
gemini-1.5-flash-002,3PkdlJxKFjFEsNOw_E-EI5TLYG57Sod5VZnX6Q==,CoT,=FALSE(),+
gemini-1.5-flash-002,3PkdlJxKFjFEsNOw_E-EI5TLYG57Sod5VZnX6Q==,CoT,=FALSE(),+
gemini-1.5-flash-002,3PkdlJxKFjFEsNOw_E-EI5TLYG57Sod5VZnX6Q==,CoT,=FALSE(),+
gemini-1.5-flash-002,8wqByWs1-IGzur3V6uMgWQZBqcBBCn00AAUtXA==,CoT,=FALSE(),+
gemini-1.5-flash-002,8wqByWs1-IGzur3V6uMgWQZBqcBBCn00AAUtXA==,CoT,=FALSE(),9
gemini-1.5-flash-002,8wqByWs1-IGzur3V6uMgWQZBqcBBCn00AAUtXA==,CoT,=FALSE(),+
gemini-1.5-flash-002,8wqByWs1-IGzur3V6uMgWQZBqcBBCn00AAUtXA==,CoT,=FALSE(),+
gemini-1.5-flash-002,8wqByWs1-IGzur3V6uMgWQZBqcBBCn00AAUtXA==,CoT,=FALSE(),13
gemini-1.5-flash-002,8wqByWs1-IGzur3V6uMgWQZBqcBBCn00AAUtXA==,CoT,=FALSE(),9
gemini-1.5-flash-002,8wqByWs1-IGzur3V6uMgWQZBqcBBCn00AAUtXA==,CoT,=FALSE(),6
gemini-1.5-flash-002,8wqByWs1-IGzur3V6uMgWQZBqcBBCn00AAUtXA==,CoT,=FALSE(),+
gemini-1.5-flash-002,8wqByWs1-IGzur3V6uMgWQZBqcBBCn00AAUtXA==,CoT,=FALSE(),+
gemini-1.5-flash-002,8wqByWs1-IGzur3V6uMgWQZBqcBBCn00AAUtXA==,CoT,=FALSE(),+
gemini-1.5-flash-002,8wqByWs1-IGzur3V6uMgWQZBqcBBCn00AAUtXA==,CoT,=FALSE(),7
gemini-1.5-flash-002,8wqByWs1-IGzur3V6uMgWQZBqcBBCn00AAUtXA==,CoT,=FALSE(),+
gemini-1.5-flash-002,8wqByWs1-IGzur3V6uMgWQZBqcBBCn00AAUtXA==,CoT,=FALSE(),13
gemini-1.5-flash-002,8wqByWs1-IGzur3V6uMgWQZBqcBBCn00AAUtXA==,CoT,=FALSE(),+
gemini-1.5-flash-002,8wqByWs1-IGzur3V6uMgWQZBqcBBCn00AAUtXA==,CoT,=FALSE(),+
gemini-1.5-flash-002,8wqByWs1-IGzur3V6uMgWQZBqcBBCn00AAUtXA==,CoT,=FALSE(),+
gemini-1.5-flash-002,8wqByWs1-IGzur3V6uMgWQZBqcBBCn00AAUtXA==,CoT,=FALSE(),14
gemini-1.5-flash-002,8wqByWs1-IGzur3V6uMgWQZBqcBBCn00AAUtXA==,CoT,=FALSE(),13
gemini-1.5-flash-002,8wqByWs1-IGzur3V6uMgWQZBqcBBCn00AAUtXA==,CoT,=FALSE(),+
gemini-1.5-flash-002,8wqByWs1-IGzur3V6uMgWQZBqcBBCn00AAUtXA==,CoT,=FALSE(),+
gemini-1.5-flash-002,8wqByWs1-IGzur3V6uMgWQZBqcBBCn00AAUtXA==,CoT,=FALSE(),+
gemini-1.5-flash-002,8wqByWs1-IGzur3V6uMgWQZBqcBBCn00AAUtXA==,CoT,=FALSE(),17
gemini-1.5-flash-002,8wqByWs1-IGzur3V6uMgWQZBqcBBCn00AAUtXA==,CoT,=FALSE(),+
gemini-1.5-flash-002,8wqByWs1-IGzur3V6uMgWQZBqcBBCn00AAUtXA==,CoT,=FALSE(),10
gemini-1.5-flash-002,8wqByWs1-IGzur3V6uMgWQZBqcBBCn00AAUtXA==,CoT,=FALSE(),+
gemini-1.5-flash-002,8wqByWs1-IGzur3V6uMgWQZBqcBBCn00AAUtXA==,CoT,=FALSE(),10
gemini-1.5-flash-002,8wqByWs1-IGzur3V6uMgWQZBqcBBCn00AAUtXA==,CoT,=FALSE(),+
gemini-1.5-flash-002,8wqByWs1-IGzur3V6uMgWQZBqcBBCn00AAUtXA==,CoT,=FALSE(),+
gemini-1.5-flash-002,8wqByWs1-IGzur3V6uMgWQZBqcBBCn00AAUtXA==,CoT,=FALSE(),+
gemini-1.5-flash-002,8wqByWs1-IGzur3V6uMgWQZBqcBBCn00AAUtXA==,CoT,=FALSE(),+
gemini-1.5-flash-002,8wqByWs1-IGzur3V6uMgWQZBqcBBCn00AAUtXA==,CoT,=FALSE(),20
gemini-1.5-flash-002,8wqByWs1-IGzur3V6uMgWQZBqcBBCn00AAUtXA==,CoT,=FALSE(),7
gemini-1.5-flash-002,8wqByWs1-IGzur3V6uMgWQZBqcBBCn00AAUtXA==,CoT,=FALSE(),9
gemini-1.5-flash-002,8wqByWs1-IGzur3V6uMgWQZBqcBBCn00AAUtXA==,CoT,=FALSE(),+
gemini-1.5-flash-002,8wqByWs1-IGzur3V6uMgWQZBqcBBCn00AAUtXA==,CoT,=FALSE(),+
gemini-1.5-flash-002,8wqByWs1-IGzur3V6uMgWQZBqcBBCn00AAUtXA==,CoT,=FALSE(),5
gemini-1.5-flash-002,8wqByWs1-IGzur3V6uMgWQZBqcBBCn00AAUtXA==,CoT,=FALSE(),+
gemini-1.5-flash-002,8wqByWs1-IGzur3V6uMgWQZBqcBBCn00AAUtXA==,CoT,=FALSE(),+
gemini-1.5-flash-002,8wqByWs1-IGzur3V6uMgWQZBqcBBCn00AAUtXA==,CoT,=FALSE(),+
gemini-1.5-flash-002,8wqByWs1-IGzur3V6uMgWQZBqcBBCn00AAUtXA==,CoT,=FALSE(),16
gemini-1.5-flash-002,8wqByWs1-IGzur3V6uMgWQZBqcBBCn00AAUtXA==,CoT,=FALSE(),5
gemini-1.5-flash-002,8wqByWs1-IGzur3V6uMgWQZBqcBBCn00AAUtXA==,CoT,=FALSE(),7
gemini-1.5-flash-002,8wqByWs1-IGzur3V6uMgWQZBqcBBCn00AAUtXA==,CoT,=FALSE(),7
gemini-1.5-flash-002,8wqByWs1-IGzur3V6uMgWQZBqcBBCn00AAUtXA==,CoT,=FALSE(),+
gemini-1.5-flash-002,8wqByWs1-IGzur3V6uMgWQZBqcBBCn00AAUtXA==,CoT,=FALSE(),20
gemini-1.5-flash-002,8wqByWs1-IGzur3V6uMgWQZBqcBBCn00AAUtXA==,CoT,=FALSE(),5
gemini-1.5-flash-002,8wqByWs1-IGzur3V6uMgWQZBqcBBCn00AAUtXA==,CoT,=FALSE(),+
gemini-1.5-flash-002,8wqByWs1-IGzur3V6uMgWQZBqcBBCn00AAUtXA==,CoT,=FALSE(),+
gemini-1.5-flash-002,8wqByWs1-IGzur3V6uMgWQZBqcBBCn00AAUtXA==,CoT,=FALSE(),13
gemini-1.5-flash-002,8wqByWs1-IGzur3V6uMgWQZBqcBBCn00AAUtXA==,CoT,=FALSE(),+
gemini-1.5-flash-002,8wqByWs1-IGzur3V6uMgWQZBqcBBCn00AAUtXA==,CoT,=FALSE(),+
gemini-1.5-flash-002,8wqByWs1-IGzur3V6uMgWQZBqcBBCn00AAUtXA==,CoT,=FALSE(),13
gemini-1.5-flash-002,8wqByWs1-IGzur3V6uMgWQZBqcBBCn00AAUtXA==,CoT,=FALSE(),14
gemini-1.5-flash-002,8wqByWs1-IGzur3V6uMgWQZBqcBBCn00AAUtXA==,CoT,=FALSE(),+
gemini-1.5-flash-002,8wqByWs1-IGzur3V6uMgWQZBqcBBCn00AAUtXA==,CoT,=FALSE(),18
gemini-1.5-flash-002,8wqByWs1-IGzur3V6uMgWQZBqcBBCn00AAUtXA==,CoT,=FALSE(),+
gemini-1.5-flash-002,8wqByWs1-IGzur3V6uMgWQZBqcBBCn00AAUtXA==,CoT,=FALSE(),14
gemini-1.5-flash-002,8wqByWs1-IGzur3V6uMgWQZBqcBBCn00AAUtXA==,CoT,=FALSE(),+
gemini-1.5-flash-002,8wqByWs1-IGzur3V6uMgWQZBqcBBCn00AAUtXA==,CoT,=FALSE(),20
gemini-1.5-flash-002,8wqByWs1-IGzur3V6uMgWQZBqcBBCn00AAUtXA==,CoT,=FALSE(),+
gemini-1.5-flash-002,8wqByWs1-IGzur3V6uMgWQZBqcBBCn00AAUtXA==,CoT,=FALSE(),14
gemini-1.5-flash-002,8wqByWs1-IGzur3V6uMgWQZBqcBBCn00AAUtXA==,CoT,=FALSE(),+
gemini-1.5-flash-002,8wqByWs1-IGzur3V6uMgWQZBqcBBCn00AAUtXA==,CoT,=FALSE(),+
gemini-1.5-flash-002,8wqByWs1-IGzur3V6uMgWQZBqcBBCn00AAUtXA==,CoT,=FALSE(),+
gemini-1.5-flash-002,8wqByWs1-IGzur3V6uMgWQZBqcBBCn00AAUtXA==,CoT,=FALSE(),9
gemini-1.5-flash-002,8wqByWs1-IGzur3V6uMgWQZBqcBBCn00AAUtXA==,CoT,=FALSE(),+
gemini-1.5-flash-002,8wqByWs1-IGzur3V6uMgWQZBqcBBCn00AAUtXA==,CoT,=FALSE(),+
gemini-1.5-flash-002,8wqByWs1-IGzur3V6uMgWQZBqcBBCn00AAUtXA==,CoT,=FALSE(),6
gemini-1.5-flash-002,8wqByWs1-IGzur3V6uMgWQZBqcBBCn00AAUtXA==,CoT,=FALSE(),13
gemini-1.5-flash-002,8wqByWs1-IGzur3V6uMgWQZBqcBBCn00AAUtXA==,CoT,=FALSE(),14
gemini-1.5-flash-002,8wqByWs1-IGzur3V6uMgWQZBqcBBCn00AAUtXA==,CoT,=FALSE(),17
gemini-1.5-flash-002,8wqByWs1-IGzur3V6uMgWQZBqcBBCn00AAUtXA==,CoT,=FALSE(),+
gemini-1.5-flash-002,8wqByWs1-IGzur3V6uMgWQZBqcBBCn00AAUtXA==,CoT,=FALSE(),9
gemini-1.5-flash-002,8wqByWs1-IGzur3V6uMgWQZBqcBBCn00AAUtXA==,CoT,=FALSE(),17
gemini-1.5-flash-002,8wqByWs1-IGzur3V6uMgWQZBqcBBCn00AAUtXA==,CoT,=FALSE(),10
gemini-1.5-flash-002,8wqByWs1-IGzur3V6uMgWQZBqcBBCn00AAUtXA==,CoT,=FALSE(),17
gemini-1.5-flash-002,8wqByWs1-IGzur3V6uMgWQZBqcBBCn00AAUtXA==,CoT,=FALSE(),14
gemini-1.5-flash-002,8wqByWs1-IGzur3V6uMgWQZBqcBBCn00AAUtXA==,CoT,=FALSE(),13
gemini-1.5-flash-002,8wqByWs1-IGzur3V6uMgWQZBqcBBCn00AAUtXA==,CoT,=FALSE(),19
gemini-1.5-flash-002,8wqByWs1-IGzur3V6uMgWQZBqcBBCn00AAUtXA==,CoT,=FALSE(),+
gemini-1.5-flash-002,8wqByWs1-IGzur3V6uMgWQZBqcBBCn00AAUtXA==,CoT,=FALSE(),+
gemini-1.5-flash-002,8wqByWs1-IGzur3V6uMgWQZBqcBBCn00AAUtXA==,CoT,=FALSE(),+
gemini-1.5-flash-002,8wqByWs1-IGzur3V6uMgWQZBqcBBCn00AAUtXA==,CoT,=FALSE(),7
gemini-1.5-flash-002,8wqByWs1-IGzur3V6uMgWQZBqcBBCn00AAUtXA==,CoT,=FALSE(),10
gemini-1.5-flash-002,8wqByWs1-IGzur3V6uMgWQZBqcBBCn00AAUtXA==,CoT,=FALSE(),10
gemini-1.5-flash-002,8wqByWs1-IGzur3V6uMgWQZBqcBBCn00AAUtXA==,CoT,=FALSE(),+
gemini-1.5-flash-002,8wqByWs1-IGzur3V6uMgWQZBqcBBCn00AAUtXA==,CoT,=FALSE(),+
gemini-1.5-flash-002,8wqByWs1-IGzur3V6uMgWQZBqcBBCn00AAUtXA==,CoT,=FALSE(),+
gemini-1.5-flash-002,8wqByWs1-IGzur3V6uMgWQZBqcBBCn00AAUtXA==,CoT,=FALSE(),+
gemini-1.5-flash-002,8wqByWs1-IGzur3V6uMgWQZBqcBBCn00AAUtXA==,CoT,=FALSE(),18
gemini-1.5-flash-002,8wqByWs1-IGzur3V6uMgWQZBqcBBCn00AAUtXA==,CoT,=FALSE(),+
gemini-1.5-flash-002,8wqByWs1-IGzur3V6uMgWQZBqcBBCn00AAUtXA==,CoT,=FALSE(),16
gemini-1.5-flash-002,8wqByWs1-IGzur3V6uMgWQZBqcBBCn00AAUtXA==,CoT,=FALSE(),+
gemini-1.5-flash-002,8wqByWs1-IGzur3V6uMgWQZBqcBBCn00AAUtXA==,CoT,=FALSE(),20
gemini-1.5-flash-002,8wqByWs1-IGzur3V6uMgWQZBqcBBCn00AAUtXA==,CoT,=FALSE(),+
gemini-1.5-flash-002,8wqByWs1-IGzur3V6uMgWQZBqcBBCn00AAUtXA==,CoT,=FALSE(),20
gemini-1.5-flash-002,8wqByWs1-IGzur3V6uMgWQZBqcBBCn00AAUtXA==,CoT,=FALSE(),+
gemini-1.5-flash-002,8wqByWs1-IGzur3V6uMgWQZBqcBBCn00AAUtXA==,CoT,=FALSE(),+
gemini-1.5-flash-002,8wqByWs1-IGzur3V6uMgWQZBqcBBCn00AAUtXA==,CoT,=FALSE(),7
gemini-1.5-flash-002,8wqByWs1-IGzur3V6uMgWQZBqcBBCn00AAUtXA==,CoT,=FALSE(),5
gemini-1.5-flash-002,EI36aLEOUVXUaobJieSVIffrC65G3nsHUaNvWg==,CoT,=FALSE(),9
gemini-1.5-flash-002,EI36aLEOUVXUaobJieSVIffrC65G3nsHUaNvWg==,CoT,=FALSE(),20
gemini-1.5-flash-002,EI36aLEOUVXUaobJieSVIffrC65G3nsHUaNvWg==,CoT,=FALSE(),15
gemini-1.5-flash-002,EI36aLEOUVXUaobJieSVIffrC65G3nsHUaNvWg==,CoT,=FALSE(),9
gemini-1.5-flash-002,EI36aLEOUVXUaobJieSVIffrC65G3nsHUaNvWg==,CoT,=FALSE(),+
gemini-1.5-flash-002,EI36aLEOUVXUaobJieSVIffrC65G3nsHUaNvWg==,CoT,=FALSE(),18
gemini-1.5-flash-002,EI36aLEOUVXUaobJieSVIffrC65G3nsHUaNvWg==,CoT,=FALSE(),13
gemini-1.5-flash-002,EI36aLEOUVXUaobJieSVIffrC65G3nsHUaNvWg==,CoT,=FALSE(),+
gemini-1.5-flash-002,EI36aLEOUVXUaobJieSVIffrC65G3nsHUaNvWg==,CoT,=FALSE(),+
gemini-1.5-flash-002,EI36aLEOUVXUaobJieSVIffrC65G3nsHUaNvWg==,CoT,=FALSE(),7
gemini-1.5-flash-002,EI36aLEOUVXUaobJieSVIffrC65G3nsHUaNvWg==,CoT,=FALSE(),+
gemini-1.5-flash-002,EI36aLEOUVXUaobJieSVIffrC65G3nsHUaNvWg==,CoT,=FALSE(),+
gemini-1.5-flash-002,EI36aLEOUVXUaobJieSVIffrC65G3nsHUaNvWg==,CoT,=FALSE(),+
gemini-1.5-flash-002,EI36aLEOUVXUaobJieSVIffrC65G3nsHUaNvWg==,CoT,=FALSE(),+
gemini-1.5-flash-002,EI36aLEOUVXUaobJieSVIffrC65G3nsHUaNvWg==,CoT,=FALSE(),21
gemini-1.5-flash-002,EI36aLEOUVXUaobJieSVIffrC65G3nsHUaNvWg==,CoT,=FALSE(),13
gemini-1.5-flash-002,EI36aLEOUVXUaobJieSVIffrC65G3nsHUaNvWg==,CoT,=FALSE(),5
gemini-1.5-flash-002,EI36aLEOUVXUaobJieSVIffrC65G3nsHUaNvWg==,CoT,=FALSE(),6
gemini-1.5-flash-002,EI36aLEOUVXUaobJieSVIffrC65G3nsHUaNvWg==,CoT,=FALSE(),17
gemini-1.5-flash-002,EI36aLEOUVXUaobJieSVIffrC65G3nsHUaNvWg==,CoT,=FALSE(),16
gemini-1.5-flash-002,EI36aLEOUVXUaobJieSVIffrC65G3nsHUaNvWg==,CoT,=FALSE(),13
gemini-1.5-flash-002,EI36aLEOUVXUaobJieSVIffrC65G3nsHUaNvWg==,CoT,=FALSE(),+
gemini-1.5-flash-002,EI36aLEOUVXUaobJieSVIffrC65G3nsHUaNvWg==,CoT,=FALSE(),+
gemini-1.5-flash-002,EI36aLEOUVXUaobJieSVIffrC65G3nsHUaNvWg==,CoT,=FALSE(),17
gemini-1.5-flash-002,EI36aLEOUVXUaobJieSVIffrC65G3nsHUaNvWg==,CoT,=FALSE(),+
gemini-1.5-flash-002,EI36aLEOUVXUaobJieSVIffrC65G3nsHUaNvWg==,CoT,=FALSE(),+
gemini-1.5-flash-002,EI36aLEOUVXUaobJieSVIffrC65G3nsHUaNvWg==,CoT,=FALSE(),+
gemini-1.5-flash-002,EI36aLEOUVXUaobJieSVIffrC65G3nsHUaNvWg==,CoT,=FALSE(),+
gemini-1.5-flash-002,EI36aLEOUVXUaobJieSVIffrC65G3nsHUaNvWg==,CoT,=FALSE(),9
gemini-1.5-flash-002,EI36aLEOUVXUaobJieSVIffrC65G3nsHUaNvWg==,CoT,=FALSE(),+
gemini-1.5-flash-002,EI36aLEOUVXUaobJieSVIffrC65G3nsHUaNvWg==,CoT,=FALSE(),6
gemini-1.5-flash-002,EI36aLEOUVXUaobJieSVIffrC65G3nsHUaNvWg==,CoT,=FALSE(),19
gemini-1.5-flash-002,EI36aLEOUVXUaobJieSVIffrC65G3nsHUaNvWg==,CoT,=FALSE(),+
gemini-1.5-flash-002,EI36aLEOUVXUaobJieSVIffrC65G3nsHUaNvWg==,CoT,=FALSE(),+
gemini-1.5-flash-002,EI36aLEOUVXUaobJieSVIffrC65G3nsHUaNvWg==,CoT,=FALSE(),+
gemini-1.5-flash-002,EI36aLEOUVXUaobJieSVIffrC65G3nsHUaNvWg==,CoT,=FALSE(),14
gemini-1.5-flash-002,EI36aLEOUVXUaobJieSVIffrC65G3nsHUaNvWg==,CoT,=FALSE(),16
gemini-1.5-flash-002,EI36aLEOUVXUaobJieSVIffrC65G3nsHUaNvWg==,CoT,=FALSE(),10
gemini-1.5-flash-002,EI36aLEOUVXUaobJieSVIffrC65G3nsHUaNvWg==,CoT,=FALSE(),11
gemini-1.5-flash-002,EI36aLEOUVXUaobJieSVIffrC65G3nsHUaNvWg==,CoT,=FALSE(),20
gemini-1.5-flash-002,EI36aLEOUVXUaobJieSVIffrC65G3nsHUaNvWg==,CoT,=FALSE(),5
gemini-1.5-flash-002,EI36aLEOUVXUaobJieSVIffrC65G3nsHUaNvWg==,CoT,=FALSE(),13
gemini-1.5-flash-002,EI36aLEOUVXUaobJieSVIffrC65G3nsHUaNvWg==,CoT,=FALSE(),10
gemini-1.5-flash-002,EI36aLEOUVXUaobJieSVIffrC65G3nsHUaNvWg==,CoT,=FALSE(),+
gemini-1.5-flash-002,EI36aLEOUVXUaobJieSVIffrC65G3nsHUaNvWg==,CoT,=FALSE(),+
gemini-1.5-flash-002,EI36aLEOUVXUaobJieSVIffrC65G3nsHUaNvWg==,CoT,=FALSE(),+
gemini-1.5-flash-002,EI36aLEOUVXUaobJieSVIffrC65G3nsHUaNvWg==,CoT,=FALSE(),+
gemini-1.5-flash-002,EI36aLEOUVXUaobJieSVIffrC65G3nsHUaNvWg==,CoT,=FALSE(),16
gemini-1.5-flash-002,EI36aLEOUVXUaobJieSVIffrC65G3nsHUaNvWg==,CoT,=FALSE(),13
gemini-1.5-flash-002,EI36aLEOUVXUaobJieSVIffrC65G3nsHUaNvWg==,CoT,=FALSE(),+
gemini-1.5-flash-002,EI36aLEOUVXUaobJieSVIffrC65G3nsHUaNvWg==,CoT,=FALSE(),10
gemini-1.5-flash-002,EI36aLEOUVXUaobJieSVIffrC65G3nsHUaNvWg==,CoT,=FALSE(),16
gemini-1.5-flash-002,EI36aLEOUVXUaobJieSVIffrC65G3nsHUaNvWg==,CoT,=FALSE(),5
gemini-1.5-flash-002,EI36aLEOUVXUaobJieSVIffrC65G3nsHUaNvWg==,CoT,=FALSE(),6
gemini-1.5-flash-002,EI36aLEOUVXUaobJieSVIffrC65G3nsHUaNvWg==,CoT,=FALSE(),+
gemini-1.5-flash-002,EI36aLEOUVXUaobJieSVIffrC65G3nsHUaNvWg==,CoT,=FALSE(),+
gemini-1.5-flash-002,EI36aLEOUVXUaobJieSVIffrC65G3nsHUaNvWg==,CoT,=FALSE(),6
gemini-1.5-flash-002,EI36aLEOUVXUaobJieSVIffrC65G3nsHUaNvWg==,CoT,=FALSE(),+
gemini-1.5-flash-002,EI36aLEOUVXUaobJieSVIffrC65G3nsHUaNvWg==,CoT,=FALSE(),17
gemini-1.5-flash-002,EI36aLEOUVXUaobJieSVIffrC65G3nsHUaNvWg==,CoT,=FALSE(),14
gemini-1.5-flash-002,EI36aLEOUVXUaobJieSVIffrC65G3nsHUaNvWg==,CoT,=FALSE(),+
gemini-1.5-flash-002,EI36aLEOUVXUaobJieSVIffrC65G3nsHUaNvWg==,CoT,=FALSE(),+
gemini-1.5-flash-002,EI36aLEOUVXUaobJieSVIffrC65G3nsHUaNvWg==,CoT,=FALSE(),+
gemini-1.5-flash-002,EI36aLEOUVXUaobJieSVIffrC65G3nsHUaNvWg==,CoT,=FALSE(),+
gemini-1.5-flash-002,EI36aLEOUVXUaobJieSVIffrC65G3nsHUaNvWg==,CoT,=FALSE(),+
gemini-1.5-flash-002,EI36aLEOUVXUaobJieSVIffrC65G3nsHUaNvWg==,CoT,=FALSE(),+
gemini-1.5-flash-002,EI36aLEOUVXUaobJieSVIffrC65G3nsHUaNvWg==,CoT,=FALSE(),+
gemini-1.5-flash-002,EI36aLEOUVXUaobJieSVIffrC65G3nsHUaNvWg==,CoT,=FALSE(),13
gemini-1.5-flash-002,EI36aLEOUVXUaobJieSVIffrC65G3nsHUaNvWg==,CoT,=FALSE(),+
gemini-1.5-flash-002,EI36aLEOUVXUaobJieSVIffrC65G3nsHUaNvWg==,CoT,=FALSE(),+
gemini-1.5-flash-002,EI36aLEOUVXUaobJieSVIffrC65G3nsHUaNvWg==,CoT,=FALSE(),+
gemini-1.5-flash-002,EI36aLEOUVXUaobJieSVIffrC65G3nsHUaNvWg==,CoT,=FALSE(),+
gemini-1.5-flash-002,EI36aLEOUVXUaobJieSVIffrC65G3nsHUaNvWg==,CoT,=FALSE(),+
gemini-1.5-flash-002,EI36aLEOUVXUaobJieSVIffrC65G3nsHUaNvWg==,CoT,=FALSE(),9
gemini-1.5-flash-002,EI36aLEOUVXUaobJieSVIffrC65G3nsHUaNvWg==,CoT,=FALSE(),+
gemini-1.5-flash-002,EI36aLEOUVXUaobJieSVIffrC65G3nsHUaNvWg==,CoT,=FALSE(),+
gemini-1.5-flash-002,EI36aLEOUVXUaobJieSVIffrC65G3nsHUaNvWg==,CoT,=FALSE(),9
gemini-1.5-flash-002,EI36aLEOUVXUaobJieSVIffrC65G3nsHUaNvWg==,CoT,=FALSE(),20
gemini-1.5-flash-002,EI36aLEOUVXUaobJieSVIffrC65G3nsHUaNvWg==,CoT,=FALSE(),13
gemini-1.5-flash-002,EI36aLEOUVXUaobJieSVIffrC65G3nsHUaNvWg==,CoT,=FALSE(),15
gemini-1.5-flash-002,EI36aLEOUVXUaobJieSVIffrC65G3nsHUaNvWg==,CoT,=FALSE(),+
gemini-1.5-flash-002,EI36aLEOUVXUaobJieSVIffrC65G3nsHUaNvWg==,CoT,=FALSE(),+
gemini-1.5-flash-002,EI36aLEOUVXUaobJieSVIffrC65G3nsHUaNvWg==,CoT,=FALSE(),9
gemini-1.5-flash-002,EI36aLEOUVXUaobJieSVIffrC65G3nsHUaNvWg==,CoT,=FALSE(),+
gemini-1.5-flash-002,EI36aLEOUVXUaobJieSVIffrC65G3nsHUaNvWg==,CoT,=FALSE(),+
gemini-1.5-flash-002,EI36aLEOUVXUaobJieSVIffrC65G3nsHUaNvWg==,CoT,=FALSE(),13
gemini-1.5-flash-002,EI36aLEOUVXUaobJieSVIffrC65G3nsHUaNvWg==,CoT,=FALSE(),20
gemini-1.5-flash-002,EI36aLEOUVXUaobJieSVIffrC65G3nsHUaNvWg==,CoT,=FALSE(),+
gemini-1.5-flash-002,EI36aLEOUVXUaobJieSVIffrC65G3nsHUaNvWg==,CoT,=FALSE(),+
gemini-1.5-flash-002,EI36aLEOUVXUaobJieSVIffrC65G3nsHUaNvWg==,CoT,=FALSE(),+
gemini-1.5-flash-002,EI36aLEOUVXUaobJieSVIffrC65G3nsHUaNvWg==,CoT,=FALSE(),+
gemini-1.5-flash-002,EI36aLEOUVXUaobJieSVIffrC65G3nsHUaNvWg==,CoT,=FALSE(),6
gemini-1.5-flash-002,EI36aLEOUVXUaobJieSVIffrC65G3nsHUaNvWg==,CoT,=FALSE(),15
gemini-1.5-flash-002,EI36aLEOUVXUaobJieSVIffrC65G3nsHUaNvWg==,CoT,=FALSE(),14
gemini-1.5-flash-002,EI36aLEOUVXUaobJieSVIffrC65G3nsHUaNvWg==,CoT,=FALSE(),+
gemini-1.5-flash-002,EI36aLEOUVXUaobJieSVIffrC65G3nsHUaNvWg==,CoT,=FALSE(),+
gemini-1.5-flash-002,EI36aLEOUVXUaobJieSVIffrC65G3nsHUaNvWg==,CoT,=FALSE(),16
gemini-1.5-flash-002,EI36aLEOUVXUaobJieSVIffrC65G3nsHUaNvWg==,CoT,=FALSE(),13
gemini-1.5-flash-002,EI36aLEOUVXUaobJieSVIffrC65G3nsHUaNvWg==,CoT,=FALSE(),10
gemini-1.5-flash-002,EI36aLEOUVXUaobJieSVIffrC65G3nsHUaNvWg==,CoT,=FALSE(),+
gemini-1.5-flash-002,fUyuU8aCfEWrAePEtmb8oc17UWFZh4DN9rZKcw==,CoT,=FALSE(),+
gemini-1.5-flash-002,fUyuU8aCfEWrAePEtmb8oc17UWFZh4DN9rZKcw==,CoT,=FALSE(),+
gemini-1.5-flash-002,fUyuU8aCfEWrAePEtmb8oc17UWFZh4DN9rZKcw==,CoT,=FALSE(),+
gemini-1.5-flash-002,fUyuU8aCfEWrAePEtmb8oc17UWFZh4DN9rZKcw==,CoT,=FALSE(),+
gemini-1.5-flash-002,fUyuU8aCfEWrAePEtmb8oc17UWFZh4DN9rZKcw==,CoT,=FALSE(),+
gemini-1.5-flash-002,fUyuU8aCfEWrAePEtmb8oc17UWFZh4DN9rZKcw==,CoT,=FALSE(),+
gemini-1.5-flash-002,fUyuU8aCfEWrAePEtmb8oc17UWFZh4DN9rZKcw==,CoT,=FALSE(),+
gemini-1.5-flash-002,fUyuU8aCfEWrAePEtmb8oc17UWFZh4DN9rZKcw==,CoT,=FALSE(),+
gemini-1.5-flash-002,fUyuU8aCfEWrAePEtmb8oc17UWFZh4DN9rZKcw==,CoT,=FALSE(),+
gemini-1.5-flash-002,fUyuU8aCfEWrAePEtmb8oc17UWFZh4DN9rZKcw==,CoT,=FALSE(),15
gemini-1.5-flash-002,fUyuU8aCfEWrAePEtmb8oc17UWFZh4DN9rZKcw==,CoT,=FALSE(),17
gemini-1.5-flash-002,fUyuU8aCfEWrAePEtmb8oc17UWFZh4DN9rZKcw==,CoT,=FALSE(),+
gemini-1.5-flash-002,fUyuU8aCfEWrAePEtmb8oc17UWFZh4DN9rZKcw==,CoT,=FALSE(),+
gemini-1.5-flash-002,fUyuU8aCfEWrAePEtmb8oc17UWFZh4DN9rZKcw==,CoT,=FALSE(),+
gemini-1.5-flash-002,fUyuU8aCfEWrAePEtmb8oc17UWFZh4DN9rZKcw==,CoT,=FALSE(),+
gemini-1.5-flash-002,fUyuU8aCfEWrAePEtmb8oc17UWFZh4DN9rZKcw==,CoT,=FALSE(),14
gemini-1.5-flash-002,fUyuU8aCfEWrAePEtmb8oc17UWFZh4DN9rZKcw==,CoT,=FALSE(),+
gemini-1.5-flash-002,fUyuU8aCfEWrAePEtmb8oc17UWFZh4DN9rZKcw==,CoT,=FALSE(),+
gemini-1.5-flash-002,fUyuU8aCfEWrAePEtmb8oc17UWFZh4DN9rZKcw==,CoT,=FALSE(),13
gemini-1.5-flash-002,fUyuU8aCfEWrAePEtmb8oc17UWFZh4DN9rZKcw==,CoT,=FALSE(),+
gemini-1.5-flash-002,fUyuU8aCfEWrAePEtmb8oc17UWFZh4DN9rZKcw==,CoT,=FALSE(),17
gemini-1.5-flash-002,fUyuU8aCfEWrAePEtmb8oc17UWFZh4DN9rZKcw==,CoT,=FALSE(),18
gemini-1.5-flash-002,fUyuU8aCfEWrAePEtmb8oc17UWFZh4DN9rZKcw==,CoT,=FALSE(),+
gemini-1.5-flash-002,fUyuU8aCfEWrAePEtmb8oc17UWFZh4DN9rZKcw==,CoT,=FALSE(),+
gemini-1.5-flash-002,fUyuU8aCfEWrAePEtmb8oc17UWFZh4DN9rZKcw==,CoT,=FALSE(),+
gemini-1.5-flash-002,fUyuU8aCfEWrAePEtmb8oc17UWFZh4DN9rZKcw==,CoT,=FALSE(),13
gemini-1.5-flash-002,fUyuU8aCfEWrAePEtmb8oc17UWFZh4DN9rZKcw==,CoT,=FALSE(),+
gemini-1.5-flash-002,fUyuU8aCfEWrAePEtmb8oc17UWFZh4DN9rZKcw==,CoT,=FALSE(),+
gemini-1.5-flash-002,fUyuU8aCfEWrAePEtmb8oc17UWFZh4DN9rZKcw==,CoT,=FALSE(),+
gemini-1.5-flash-002,fUyuU8aCfEWrAePEtmb8oc17UWFZh4DN9rZKcw==,CoT,=FALSE(),+
gemini-1.5-flash-002,fUyuU8aCfEWrAePEtmb8oc17UWFZh4DN9rZKcw==,CoT,=FALSE(),+
gemini-1.5-flash-002,fUyuU8aCfEWrAePEtmb8oc17UWFZh4DN9rZKcw==,CoT,=FALSE(),+
gemini-1.5-flash-002,fUyuU8aCfEWrAePEtmb8oc17UWFZh4DN9rZKcw==,CoT,=FALSE(),9
gemini-1.5-flash-002,fUyuU8aCfEWrAePEtmb8oc17UWFZh4DN9rZKcw==,CoT,=FALSE(),+
gemini-1.5-flash-002,fUyuU8aCfEWrAePEtmb8oc17UWFZh4DN9rZKcw==,CoT,=FALSE(),13
gemini-1.5-flash-002,fUyuU8aCfEWrAePEtmb8oc17UWFZh4DN9rZKcw==,CoT,=FALSE(),+
gemini-1.5-flash-002,fUyuU8aCfEWrAePEtmb8oc17UWFZh4DN9rZKcw==,CoT,=FALSE(),+
gemini-1.5-flash-002,fUyuU8aCfEWrAePEtmb8oc17UWFZh4DN9rZKcw==,CoT,=FALSE(),6
gemini-1.5-flash-002,fUyuU8aCfEWrAePEtmb8oc17UWFZh4DN9rZKcw==,CoT,=FALSE(),5
gemini-1.5-flash-002,fUyuU8aCfEWrAePEtmb8oc17UWFZh4DN9rZKcw==,CoT,=FALSE(),20
gemini-1.5-flash-002,fUyuU8aCfEWrAePEtmb8oc17UWFZh4DN9rZKcw==,CoT,=FALSE(),9
gemini-1.5-flash-002,fUyuU8aCfEWrAePEtmb8oc17UWFZh4DN9rZKcw==,CoT,=FALSE(),+
gemini-1.5-flash-002,fUyuU8aCfEWrAePEtmb8oc17UWFZh4DN9rZKcw==,CoT,=FALSE(),9
gemini-1.5-flash-002,fUyuU8aCfEWrAePEtmb8oc17UWFZh4DN9rZKcw==,CoT,=FALSE(),+
gemini-1.5-flash-002,fUyuU8aCfEWrAePEtmb8oc17UWFZh4DN9rZKcw==,CoT,=FALSE(),9
gemini-1.5-flash-002,fUyuU8aCfEWrAePEtmb8oc17UWFZh4DN9rZKcw==,CoT,=FALSE(),16
gemini-1.5-flash-002,fUyuU8aCfEWrAePEtmb8oc17UWFZh4DN9rZKcw==,CoT,=FALSE(),15
gemini-1.5-flash-002,fUyuU8aCfEWrAePEtmb8oc17UWFZh4DN9rZKcw==,CoT,=FALSE(),17
gemini-1.5-flash-002,fUyuU8aCfEWrAePEtmb8oc17UWFZh4DN9rZKcw==,CoT,=FALSE(),+
gemini-1.5-flash-002,fUyuU8aCfEWrAePEtmb8oc17UWFZh4DN9rZKcw==,CoT,=FALSE(),13
gemini-1.5-flash-002,fUyuU8aCfEWrAePEtmb8oc17UWFZh4DN9rZKcw==,CoT,=FALSE(),+
gemini-1.5-flash-002,fUyuU8aCfEWrAePEtmb8oc17UWFZh4DN9rZKcw==,CoT,=FALSE(),+
gemini-1.5-flash-002,fUyuU8aCfEWrAePEtmb8oc17UWFZh4DN9rZKcw==,CoT,=FALSE(),+
gemini-1.5-flash-002,fUyuU8aCfEWrAePEtmb8oc17UWFZh4DN9rZKcw==,CoT,=FALSE(),+
gemini-1.5-flash-002,fUyuU8aCfEWrAePEtmb8oc17UWFZh4DN9rZKcw==,CoT,=FALSE(),16
gemini-1.5-flash-002,fUyuU8aCfEWrAePEtmb8oc17UWFZh4DN9rZKcw==,CoT,=FALSE(),+
gemini-1.5-flash-002,fUyuU8aCfEWrAePEtmb8oc17UWFZh4DN9rZKcw==,CoT,=FALSE(),21
gemini-1.5-flash-002,fUyuU8aCfEWrAePEtmb8oc17UWFZh4DN9rZKcw==,CoT,=FALSE(),+
gemini-1.5-flash-002,fUyuU8aCfEWrAePEtmb8oc17UWFZh4DN9rZKcw==,CoT,=FALSE(),9
gemini-1.5-flash-002,fUyuU8aCfEWrAePEtmb8oc17UWFZh4DN9rZKcw==,CoT,=FALSE(),+
gemini-1.5-flash-002,fUyuU8aCfEWrAePEtmb8oc17UWFZh4DN9rZKcw==,CoT,=FALSE(),14
gemini-1.5-flash-002,fUyuU8aCfEWrAePEtmb8oc17UWFZh4DN9rZKcw==,CoT,=FALSE(),+
gemini-1.5-flash-002,fUyuU8aCfEWrAePEtmb8oc17UWFZh4DN9rZKcw==,CoT,=FALSE(),13
gemini-1.5-flash-002,fUyuU8aCfEWrAePEtmb8oc17UWFZh4DN9rZKcw==,CoT,=FALSE(),14
gemini-1.5-flash-002,fUyuU8aCfEWrAePEtmb8oc17UWFZh4DN9rZKcw==,CoT,=FALSE(),16
gemini-1.5-flash-002,fUyuU8aCfEWrAePEtmb8oc17UWFZh4DN9rZKcw==,CoT,=FALSE(),+
gemini-1.5-flash-002,fUyuU8aCfEWrAePEtmb8oc17UWFZh4DN9rZKcw==,CoT,=FALSE(),20
gemini-1.5-flash-002,fUyuU8aCfEWrAePEtmb8oc17UWFZh4DN9rZKcw==,CoT,=FALSE(),+
gemini-1.5-flash-002,fUyuU8aCfEWrAePEtmb8oc17UWFZh4DN9rZKcw==,CoT,=FALSE(),+
gemini-1.5-flash-002,fUyuU8aCfEWrAePEtmb8oc17UWFZh4DN9rZKcw==,CoT,=FALSE(),+
gemini-1.5-flash-002,fUyuU8aCfEWrAePEtmb8oc17UWFZh4DN9rZKcw==,CoT,=FALSE(),+
gemini-1.5-flash-002,fUyuU8aCfEWrAePEtmb8oc17UWFZh4DN9rZKcw==,CoT,=FALSE(),5
gemini-1.5-flash-002,fUyuU8aCfEWrAePEtmb8oc17UWFZh4DN9rZKcw==,CoT,=FALSE(),+
gemini-1.5-flash-002,fUyuU8aCfEWrAePEtmb8oc17UWFZh4DN9rZKcw==,CoT,=FALSE(),13
gemini-1.5-flash-002,fUyuU8aCfEWrAePEtmb8oc17UWFZh4DN9rZKcw==,CoT,=FALSE(),7
gemini-1.5-flash-002,fUyuU8aCfEWrAePEtmb8oc17UWFZh4DN9rZKcw==,CoT,=FALSE(),+
gemini-1.5-flash-002,fUyuU8aCfEWrAePEtmb8oc17UWFZh4DN9rZKcw==,CoT,=FALSE(),9
gemini-1.5-flash-002,fUyuU8aCfEWrAePEtmb8oc17UWFZh4DN9rZKcw==,CoT,=FALSE(),14
gemini-1.5-flash-002,fUyuU8aCfEWrAePEtmb8oc17UWFZh4DN9rZKcw==,CoT,=FALSE(),17
gemini-1.5-flash-002,fUyuU8aCfEWrAePEtmb8oc17UWFZh4DN9rZKcw==,CoT,=FALSE(),+
gemini-1.5-flash-002,fUyuU8aCfEWrAePEtmb8oc17UWFZh4DN9rZKcw==,CoT,=FALSE(),+
gemini-1.5-flash-002,fUyuU8aCfEWrAePEtmb8oc17UWFZh4DN9rZKcw==,CoT,=FALSE(),9
gemini-1.5-flash-002,fUyuU8aCfEWrAePEtmb8oc17UWFZh4DN9rZKcw==,CoT,=FALSE(),+
gemini-1.5-flash-002,fUyuU8aCfEWrAePEtmb8oc17UWFZh4DN9rZKcw==,CoT,=FALSE(),+
gemini-1.5-flash-002,fUyuU8aCfEWrAePEtmb8oc17UWFZh4DN9rZKcw==,CoT,=FALSE(),13
gemini-1.5-flash-002,fUyuU8aCfEWrAePEtmb8oc17UWFZh4DN9rZKcw==,CoT,=FALSE(),+
gemini-1.5-flash-002,fUyuU8aCfEWrAePEtmb8oc17UWFZh4DN9rZKcw==,CoT,=FALSE(),+
gemini-1.5-flash-002,fUyuU8aCfEWrAePEtmb8oc17UWFZh4DN9rZKcw==,CoT,=FALSE(),+
gemini-1.5-flash-002,fUyuU8aCfEWrAePEtmb8oc17UWFZh4DN9rZKcw==,CoT,=FALSE(),+
gemini-1.5-flash-002,fUyuU8aCfEWrAePEtmb8oc17UWFZh4DN9rZKcw==,CoT,=FALSE(),6
gemini-1.5-flash-002,fUyuU8aCfEWrAePEtmb8oc17UWFZh4DN9rZKcw==,CoT,=FALSE(),17
gemini-1.5-flash-002,fUyuU8aCfEWrAePEtmb8oc17UWFZh4DN9rZKcw==,CoT,=FALSE(),6
gemini-1.5-flash-002,fUyuU8aCfEWrAePEtmb8oc17UWFZh4DN9rZKcw==,CoT,=FALSE(),+
gemini-1.5-flash-002,fUyuU8aCfEWrAePEtmb8oc17UWFZh4DN9rZKcw==,CoT,=FALSE(),8
gemini-1.5-flash-002,fUyuU8aCfEWrAePEtmb8oc17UWFZh4DN9rZKcw==,CoT,=FALSE(),+
gemini-1.5-flash-002,fUyuU8aCfEWrAePEtmb8oc17UWFZh4DN9rZKcw==,CoT,=FALSE(),+
gemini-1.5-flash-002,fUyuU8aCfEWrAePEtmb8oc17UWFZh4DN9rZKcw==,CoT,=FALSE(),+
gemini-1.5-flash-002,fUyuU8aCfEWrAePEtmb8oc17UWFZh4DN9rZKcw==,CoT,=FALSE(),5
gemini-1.5-flash-002,fUyuU8aCfEWrAePEtmb8oc17UWFZh4DN9rZKcw==,CoT,=FALSE(),+
gemini-1.5-flash-002,fUyuU8aCfEWrAePEtmb8oc17UWFZh4DN9rZKcw==,CoT,=FALSE(),10
gemini-1.5-flash-002,HfgTwNtWluA9oYzY23iqRIdQCpkJ9KEmRn320w==,CoT,=FALSE(),13
gemini-1.5-flash-002,HfgTwNtWluA9oYzY23iqRIdQCpkJ9KEmRn320w==,CoT,=FALSE(),21
gemini-1.5-flash-002,HfgTwNtWluA9oYzY23iqRIdQCpkJ9KEmRn320w==,CoT,=FALSE(),9
gemini-1.5-flash-002,HfgTwNtWluA9oYzY23iqRIdQCpkJ9KEmRn320w==,CoT,=FALSE(),+
gemini-1.5-flash-002,HfgTwNtWluA9oYzY23iqRIdQCpkJ9KEmRn320w==,CoT,=FALSE(),13
gemini-1.5-flash-002,HfgTwNtWluA9oYzY23iqRIdQCpkJ9KEmRn320w==,CoT,=FALSE(),+
gemini-1.5-flash-002,HfgTwNtWluA9oYzY23iqRIdQCpkJ9KEmRn320w==,CoT,=FALSE(),17
gemini-1.5-flash-002,HfgTwNtWluA9oYzY23iqRIdQCpkJ9KEmRn320w==,CoT,=FALSE(),+
gemini-1.5-flash-002,HfgTwNtWluA9oYzY23iqRIdQCpkJ9KEmRn320w==,CoT,=FALSE(),14
gemini-1.5-flash-002,HfgTwNtWluA9oYzY23iqRIdQCpkJ9KEmRn320w==,CoT,=FALSE(),+
gemini-1.5-flash-002,HfgTwNtWluA9oYzY23iqRIdQCpkJ9KEmRn320w==,CoT,=FALSE(),5
gemini-1.5-flash-002,HfgTwNtWluA9oYzY23iqRIdQCpkJ9KEmRn320w==,CoT,=FALSE(),+
gemini-1.5-flash-002,HfgTwNtWluA9oYzY23iqRIdQCpkJ9KEmRn320w==,CoT,=FALSE(),13
gemini-1.5-flash-002,HfgTwNtWluA9oYzY23iqRIdQCpkJ9KEmRn320w==,CoT,=FALSE(),+
gemini-1.5-flash-002,HfgTwNtWluA9oYzY23iqRIdQCpkJ9KEmRn320w==,CoT,=FALSE(),+
gemini-1.5-flash-002,HfgTwNtWluA9oYzY23iqRIdQCpkJ9KEmRn320w==,CoT,=FALSE(),15
gemini-1.5-flash-002,HfgTwNtWluA9oYzY23iqRIdQCpkJ9KEmRn320w==,CoT,=FALSE(),17
gemini-1.5-flash-002,HfgTwNtWluA9oYzY23iqRIdQCpkJ9KEmRn320w==,CoT,=FALSE(),+
gemini-1.5-flash-002,HfgTwNtWluA9oYzY23iqRIdQCpkJ9KEmRn320w==,CoT,=FALSE(),17
gemini-1.5-flash-002,HfgTwNtWluA9oYzY23iqRIdQCpkJ9KEmRn320w==,CoT,=FALSE(),+
gemini-1.5-flash-002,HfgTwNtWluA9oYzY23iqRIdQCpkJ9KEmRn320w==,CoT,=FALSE(),+
gemini-1.5-flash-002,HfgTwNtWluA9oYzY23iqRIdQCpkJ9KEmRn320w==,CoT,=FALSE(),+
gemini-1.5-flash-002,HfgTwNtWluA9oYzY23iqRIdQCpkJ9KEmRn320w==,CoT,=FALSE(),20
gemini-1.5-flash-002,HfgTwNtWluA9oYzY23iqRIdQCpkJ9KEmRn320w==,CoT,=FALSE(),21
gemini-1.5-flash-002,HfgTwNtWluA9oYzY23iqRIdQCpkJ9KEmRn320w==,CoT,=FALSE(),+
gemini-1.5-flash-002,HfgTwNtWluA9oYzY23iqRIdQCpkJ9KEmRn320w==,CoT,=FALSE(),+
gemini-1.5-flash-002,HfgTwNtWluA9oYzY23iqRIdQCpkJ9KEmRn320w==,CoT,=FALSE(),+
gemini-1.5-flash-002,HfgTwNtWluA9oYzY23iqRIdQCpkJ9KEmRn320w==,CoT,=FALSE(),+
gemini-1.5-flash-002,HfgTwNtWluA9oYzY23iqRIdQCpkJ9KEmRn320w==,CoT,=FALSE(),+
gemini-1.5-flash-002,HfgTwNtWluA9oYzY23iqRIdQCpkJ9KEmRn320w==,CoT,=FALSE(),13
gemini-1.5-flash-002,HfgTwNtWluA9oYzY23iqRIdQCpkJ9KEmRn320w==,CoT,=FALSE(),14
gemini-1.5-flash-002,HfgTwNtWluA9oYzY23iqRIdQCpkJ9KEmRn320w==,CoT,=FALSE(),+
gemini-1.5-flash-002,HfgTwNtWluA9oYzY23iqRIdQCpkJ9KEmRn320w==,CoT,=FALSE(),+
gemini-1.5-flash-002,HfgTwNtWluA9oYzY23iqRIdQCpkJ9KEmRn320w==,CoT,=FALSE(),17
gemini-1.5-flash-002,HfgTwNtWluA9oYzY23iqRIdQCpkJ9KEmRn320w==,CoT,=FALSE(),+
gemini-1.5-flash-002,HfgTwNtWluA9oYzY23iqRIdQCpkJ9KEmRn320w==,CoT,=FALSE(),21
gemini-1.5-flash-002,HfgTwNtWluA9oYzY23iqRIdQCpkJ9KEmRn320w==,CoT,=FALSE(),21
gemini-1.5-flash-002,HfgTwNtWluA9oYzY23iqRIdQCpkJ9KEmRn320w==,CoT,=FALSE(),5
gemini-1.5-flash-002,HfgTwNtWluA9oYzY23iqRIdQCpkJ9KEmRn320w==,CoT,=FALSE(),13
gemini-1.5-flash-002,HfgTwNtWluA9oYzY23iqRIdQCpkJ9KEmRn320w==,CoT,=FALSE(),18
gemini-1.5-flash-002,HfgTwNtWluA9oYzY23iqRIdQCpkJ9KEmRn320w==,CoT,=FALSE(),+
gemini-1.5-flash-002,HfgTwNtWluA9oYzY23iqRIdQCpkJ9KEmRn320w==,CoT,=FALSE(),5
gemini-1.5-flash-002,HfgTwNtWluA9oYzY23iqRIdQCpkJ9KEmRn320w==,CoT,=FALSE(),+
gemini-1.5-flash-002,HfgTwNtWluA9oYzY23iqRIdQCpkJ9KEmRn320w==,CoT,=FALSE(),+
gemini-1.5-flash-002,HfgTwNtWluA9oYzY23iqRIdQCpkJ9KEmRn320w==,CoT,=FALSE(),+
gemini-1.5-flash-002,HfgTwNtWluA9oYzY23iqRIdQCpkJ9KEmRn320w==,CoT,=FALSE(),+
gemini-1.5-flash-002,HfgTwNtWluA9oYzY23iqRIdQCpkJ9KEmRn320w==,CoT,=FALSE(),+
gemini-1.5-flash-002,HfgTwNtWluA9oYzY23iqRIdQCpkJ9KEmRn320w==,CoT,=FALSE(),+
gemini-1.5-flash-002,HfgTwNtWluA9oYzY23iqRIdQCpkJ9KEmRn320w==,CoT,=FALSE(),+
gemini-1.5-flash-002,HfgTwNtWluA9oYzY23iqRIdQCpkJ9KEmRn320w==,CoT,=FALSE(),+
gemini-1.5-flash-002,HfgTwNtWluA9oYzY23iqRIdQCpkJ9KEmRn320w==,CoT,=FALSE(),+
gemini-1.5-flash-002,HfgTwNtWluA9oYzY23iqRIdQCpkJ9KEmRn320w==,CoT,=FALSE(),14
gemini-1.5-flash-002,HfgTwNtWluA9oYzY23iqRIdQCpkJ9KEmRn320w==,CoT,=FALSE(),+
gemini-1.5-flash-002,HfgTwNtWluA9oYzY23iqRIdQCpkJ9KEmRn320w==,CoT,=FALSE(),16
gemini-1.5-flash-002,HfgTwNtWluA9oYzY23iqRIdQCpkJ9KEmRn320w==,CoT,=FALSE(),+
gemini-1.5-flash-002,HfgTwNtWluA9oYzY23iqRIdQCpkJ9KEmRn320w==,CoT,=FALSE(),+
gemini-1.5-flash-002,HfgTwNtWluA9oYzY23iqRIdQCpkJ9KEmRn320w==,CoT,=FALSE(),+
gemini-1.5-flash-002,HfgTwNtWluA9oYzY23iqRIdQCpkJ9KEmRn320w==,CoT,=FALSE(),6
gemini-1.5-flash-002,HfgTwNtWluA9oYzY23iqRIdQCpkJ9KEmRn320w==,CoT,=FALSE(),+
gemini-1.5-flash-002,HfgTwNtWluA9oYzY23iqRIdQCpkJ9KEmRn320w==,CoT,=FALSE(),18
gemini-1.5-flash-002,HfgTwNtWluA9oYzY23iqRIdQCpkJ9KEmRn320w==,CoT,=FALSE(),6
gemini-1.5-flash-002,HfgTwNtWluA9oYzY23iqRIdQCpkJ9KEmRn320w==,CoT,=FALSE(),+
gemini-1.5-flash-002,HfgTwNtWluA9oYzY23iqRIdQCpkJ9KEmRn320w==,CoT,=FALSE(),+
gemini-1.5-flash-002,HfgTwNtWluA9oYzY23iqRIdQCpkJ9KEmRn320w==,CoT,=FALSE(),22
gemini-1.5-flash-002,HfgTwNtWluA9oYzY23iqRIdQCpkJ9KEmRn320w==,CoT,=FALSE(),+
gemini-1.5-flash-002,HfgTwNtWluA9oYzY23iqRIdQCpkJ9KEmRn320w==,CoT,=FALSE(),+
gemini-1.5-flash-002,HfgTwNtWluA9oYzY23iqRIdQCpkJ9KEmRn320w==,CoT,=FALSE(),+
gemini-1.5-flash-002,HfgTwNtWluA9oYzY23iqRIdQCpkJ9KEmRn320w==,CoT,=FALSE(),5
gemini-1.5-flash-002,HfgTwNtWluA9oYzY23iqRIdQCpkJ9KEmRn320w==,CoT,=FALSE(),5
gemini-1.5-flash-002,HfgTwNtWluA9oYzY23iqRIdQCpkJ9KEmRn320w==,CoT,=FALSE(),+
gemini-1.5-flash-002,HfgTwNtWluA9oYzY23iqRIdQCpkJ9KEmRn320w==,CoT,=FALSE(),21
gemini-1.5-flash-002,HfgTwNtWluA9oYzY23iqRIdQCpkJ9KEmRn320w==,CoT,=FALSE(),+
gemini-1.5-flash-002,HfgTwNtWluA9oYzY23iqRIdQCpkJ9KEmRn320w==,CoT,=FALSE(),+
gemini-1.5-flash-002,HfgTwNtWluA9oYzY23iqRIdQCpkJ9KEmRn320w==,CoT,=FALSE(),+
gemini-1.5-flash-002,HfgTwNtWluA9oYzY23iqRIdQCpkJ9KEmRn320w==,CoT,=FALSE(),5
gemini-1.5-flash-002,HfgTwNtWluA9oYzY23iqRIdQCpkJ9KEmRn320w==,CoT,=FALSE(),9
gemini-1.5-flash-002,HfgTwNtWluA9oYzY23iqRIdQCpkJ9KEmRn320w==,CoT,=FALSE(),+
gemini-1.5-flash-002,HfgTwNtWluA9oYzY23iqRIdQCpkJ9KEmRn320w==,CoT,=FALSE(),15
gemini-1.5-flash-002,HfgTwNtWluA9oYzY23iqRIdQCpkJ9KEmRn320w==,CoT,=FALSE(),17
gemini-1.5-flash-002,HfgTwNtWluA9oYzY23iqRIdQCpkJ9KEmRn320w==,CoT,=FALSE(),13
gemini-1.5-flash-002,HfgTwNtWluA9oYzY23iqRIdQCpkJ9KEmRn320w==,CoT,=FALSE(),+
gemini-1.5-flash-002,HfgTwNtWluA9oYzY23iqRIdQCpkJ9KEmRn320w==,CoT,=FALSE(),21
gemini-1.5-flash-002,HfgTwNtWluA9oYzY23iqRIdQCpkJ9KEmRn320w==,CoT,=FALSE(),13
gemini-1.5-flash-002,HfgTwNtWluA9oYzY23iqRIdQCpkJ9KEmRn320w==,CoT,=FALSE(),+
gemini-1.5-flash-002,HfgTwNtWluA9oYzY23iqRIdQCpkJ9KEmRn320w==,CoT,=FALSE(),16
gemini-1.5-flash-002,HfgTwNtWluA9oYzY23iqRIdQCpkJ9KEmRn320w==,CoT,=FALSE(),+
gemini-1.5-flash-002,HfgTwNtWluA9oYzY23iqRIdQCpkJ9KEmRn320w==,CoT,=FALSE(),13
gemini-1.5-flash-002,HfgTwNtWluA9oYzY23iqRIdQCpkJ9KEmRn320w==,CoT,=FALSE(),21
gemini-1.5-flash-002,HfgTwNtWluA9oYzY23iqRIdQCpkJ9KEmRn320w==,CoT,=FALSE(),+
gemini-1.5-flash-002,HfgTwNtWluA9oYzY23iqRIdQCpkJ9KEmRn320w==,CoT,=FALSE(),+
gemini-1.5-flash-002,HfgTwNtWluA9oYzY23iqRIdQCpkJ9KEmRn320w==,CoT,=FALSE(),13
gemini-1.5-flash-002,HfgTwNtWluA9oYzY23iqRIdQCpkJ9KEmRn320w==,CoT,=FALSE(),+
gemini-1.5-flash-002,HfgTwNtWluA9oYzY23iqRIdQCpkJ9KEmRn320w==,CoT,=FALSE(),6
gemini-1.5-flash-002,HfgTwNtWluA9oYzY23iqRIdQCpkJ9KEmRn320w==,CoT,=FALSE(),6
gemini-1.5-flash-002,HfgTwNtWluA9oYzY23iqRIdQCpkJ9KEmRn320w==,CoT,=FALSE(),+
gemini-1.5-flash-002,HfgTwNtWluA9oYzY23iqRIdQCpkJ9KEmRn320w==,CoT,=FALSE(),+
gemini-1.5-flash-002,HfgTwNtWluA9oYzY23iqRIdQCpkJ9KEmRn320w==,CoT,=FALSE(),+
gemini-1.5-flash-002,HfgTwNtWluA9oYzY23iqRIdQCpkJ9KEmRn320w==,CoT,=FALSE(),+
gemini-1.5-flash-002,HfgTwNtWluA9oYzY23iqRIdQCpkJ9KEmRn320w==,CoT,=FALSE(),+
gemini-1.5-flash-002,HfgTwNtWluA9oYzY23iqRIdQCpkJ9KEmRn320w==,CoT,=FALSE(),+
gemini-1.5-flash-002,q1_m7X2LC4GpkD9pGZPUgdKEh1GHdAAAJoqPMA==,CoT,=FALSE(),16
gemini-1.5-flash-002,q1_m7X2LC4GpkD9pGZPUgdKEh1GHdAAAJoqPMA==,CoT,=FALSE(),+
gemini-1.5-flash-002,q1_m7X2LC4GpkD9pGZPUgdKEh1GHdAAAJoqPMA==,CoT,=FALSE(),+
gemini-1.5-flash-002,q1_m7X2LC4GpkD9pGZPUgdKEh1GHdAAAJoqPMA==,CoT,=FALSE(),14
gemini-1.5-flash-002,q1_m7X2LC4GpkD9pGZPUgdKEh1GHdAAAJoqPMA==,CoT,=FALSE(),+
gemini-1.5-flash-002,q1_m7X2LC4GpkD9pGZPUgdKEh1GHdAAAJoqPMA==,CoT,=FALSE(),15
gemini-1.5-flash-002,q1_m7X2LC4GpkD9pGZPUgdKEh1GHdAAAJoqPMA==,CoT,=FALSE(),+
gemini-1.5-flash-002,q1_m7X2LC4GpkD9pGZPUgdKEh1GHdAAAJoqPMA==,CoT,=FALSE(),+
gemini-1.5-flash-002,q1_m7X2LC4GpkD9pGZPUgdKEh1GHdAAAJoqPMA==,CoT,=FALSE(),+
gemini-1.5-flash-002,q1_m7X2LC4GpkD9pGZPUgdKEh1GHdAAAJoqPMA==,CoT,=FALSE(),6
gemini-1.5-flash-002,q1_m7X2LC4GpkD9pGZPUgdKEh1GHdAAAJoqPMA==,CoT,=FALSE(),13
gemini-1.5-flash-002,q1_m7X2LC4GpkD9pGZPUgdKEh1GHdAAAJoqPMA==,CoT,=FALSE(),+
gemini-1.5-flash-002,q1_m7X2LC4GpkD9pGZPUgdKEh1GHdAAAJoqPMA==,CoT,=FALSE(),+
gemini-1.5-flash-002,q1_m7X2LC4GpkD9pGZPUgdKEh1GHdAAAJoqPMA==,CoT,=FALSE(),21
gemini-1.5-flash-002,q1_m7X2LC4GpkD9pGZPUgdKEh1GHdAAAJoqPMA==,CoT,=FALSE(),+
gemini-1.5-flash-002,q1_m7X2LC4GpkD9pGZPUgdKEh1GHdAAAJoqPMA==,CoT,=FALSE(),12
gemini-1.5-flash-002,q1_m7X2LC4GpkD9pGZPUgdKEh1GHdAAAJoqPMA==,CoT,=FALSE(),+
gemini-1.5-flash-002,q1_m7X2LC4GpkD9pGZPUgdKEh1GHdAAAJoqPMA==,CoT,=FALSE(),6
gemini-1.5-flash-002,q1_m7X2LC4GpkD9pGZPUgdKEh1GHdAAAJoqPMA==,CoT,=FALSE(),+
gemini-1.5-flash-002,q1_m7X2LC4GpkD9pGZPUgdKEh1GHdAAAJoqPMA==,CoT,=FALSE(),+
gemini-1.5-flash-002,q1_m7X2LC4GpkD9pGZPUgdKEh1GHdAAAJoqPMA==,CoT,=FALSE(),+
gemini-1.5-flash-002,q1_m7X2LC4GpkD9pGZPUgdKEh1GHdAAAJoqPMA==,CoT,=FALSE(),5
gemini-1.5-flash-002,q1_m7X2LC4GpkD9pGZPUgdKEh1GHdAAAJoqPMA==,CoT,=FALSE(),+
gemini-1.5-flash-002,q1_m7X2LC4GpkD9pGZPUgdKEh1GHdAAAJoqPMA==,CoT,=FALSE(),+
gemini-1.5-flash-002,q1_m7X2LC4GpkD9pGZPUgdKEh1GHdAAAJoqPMA==,CoT,=FALSE(),+
gemini-1.5-flash-002,q1_m7X2LC4GpkD9pGZPUgdKEh1GHdAAAJoqPMA==,CoT,=FALSE(),13
gemini-1.5-flash-002,q1_m7X2LC4GpkD9pGZPUgdKEh1GHdAAAJoqPMA==,CoT,=FALSE(),5
gemini-1.5-flash-002,q1_m7X2LC4GpkD9pGZPUgdKEh1GHdAAAJoqPMA==,CoT,=FALSE(),9
gemini-1.5-flash-002,q1_m7X2LC4GpkD9pGZPUgdKEh1GHdAAAJoqPMA==,CoT,=FALSE(),+
gemini-1.5-flash-002,q1_m7X2LC4GpkD9pGZPUgdKEh1GHdAAAJoqPMA==,CoT,=FALSE(),13
gemini-1.5-flash-002,q1_m7X2LC4GpkD9pGZPUgdKEh1GHdAAAJoqPMA==,CoT,=FALSE(),+
gemini-1.5-flash-002,q1_m7X2LC4GpkD9pGZPUgdKEh1GHdAAAJoqPMA==,CoT,=FALSE(),13
gemini-1.5-flash-002,q1_m7X2LC4GpkD9pGZPUgdKEh1GHdAAAJoqPMA==,CoT,=FALSE(),+
gemini-1.5-flash-002,q1_m7X2LC4GpkD9pGZPUgdKEh1GHdAAAJoqPMA==,CoT,=FALSE(),18
gemini-1.5-flash-002,q1_m7X2LC4GpkD9pGZPUgdKEh1GHdAAAJoqPMA==,CoT,=FALSE(),17
gemini-1.5-flash-002,q1_m7X2LC4GpkD9pGZPUgdKEh1GHdAAAJoqPMA==,CoT,=FALSE(),5
gemini-1.5-flash-002,q1_m7X2LC4GpkD9pGZPUgdKEh1GHdAAAJoqPMA==,CoT,=FALSE(),+
gemini-1.5-flash-002,q1_m7X2LC4GpkD9pGZPUgdKEh1GHdAAAJoqPMA==,CoT,=FALSE(),+
gemini-1.5-flash-002,q1_m7X2LC4GpkD9pGZPUgdKEh1GHdAAAJoqPMA==,CoT,=FALSE(),10
gemini-1.5-flash-002,q1_m7X2LC4GpkD9pGZPUgdKEh1GHdAAAJoqPMA==,CoT,=FALSE(),12
gemini-1.5-flash-002,q1_m7X2LC4GpkD9pGZPUgdKEh1GHdAAAJoqPMA==,CoT,=FALSE(),+
gemini-1.5-flash-002,q1_m7X2LC4GpkD9pGZPUgdKEh1GHdAAAJoqPMA==,CoT,=FALSE(),+
gemini-1.5-flash-002,q1_m7X2LC4GpkD9pGZPUgdKEh1GHdAAAJoqPMA==,CoT,=FALSE(),13
gemini-1.5-flash-002,q1_m7X2LC4GpkD9pGZPUgdKEh1GHdAAAJoqPMA==,CoT,=FALSE(),+
gemini-1.5-flash-002,q1_m7X2LC4GpkD9pGZPUgdKEh1GHdAAAJoqPMA==,CoT,=FALSE(),14
gemini-1.5-flash-002,q1_m7X2LC4GpkD9pGZPUgdKEh1GHdAAAJoqPMA==,CoT,=FALSE(),+
gemini-1.5-flash-002,q1_m7X2LC4GpkD9pGZPUgdKEh1GHdAAAJoqPMA==,CoT,=FALSE(),9
gemini-1.5-flash-002,q1_m7X2LC4GpkD9pGZPUgdKEh1GHdAAAJoqPMA==,CoT,=FALSE(),+
gemini-1.5-flash-002,q1_m7X2LC4GpkD9pGZPUgdKEh1GHdAAAJoqPMA==,CoT,=FALSE(),7
gemini-1.5-flash-002,q1_m7X2LC4GpkD9pGZPUgdKEh1GHdAAAJoqPMA==,CoT,=FALSE(),13
gemini-1.5-flash-002,q1_m7X2LC4GpkD9pGZPUgdKEh1GHdAAAJoqPMA==,CoT,=FALSE(),13
gemini-1.5-flash-002,q1_m7X2LC4GpkD9pGZPUgdKEh1GHdAAAJoqPMA==,CoT,=FALSE(),+
gemini-1.5-flash-002,q1_m7X2LC4GpkD9pGZPUgdKEh1GHdAAAJoqPMA==,CoT,=FALSE(),17
gemini-1.5-flash-002,q1_m7X2LC4GpkD9pGZPUgdKEh1GHdAAAJoqPMA==,CoT,=FALSE(),+
gemini-1.5-flash-002,q1_m7X2LC4GpkD9pGZPUgdKEh1GHdAAAJoqPMA==,CoT,=FALSE(),13
gemini-1.5-flash-002,q1_m7X2LC4GpkD9pGZPUgdKEh1GHdAAAJoqPMA==,CoT,=FALSE(),+
gemini-1.5-flash-002,q1_m7X2LC4GpkD9pGZPUgdKEh1GHdAAAJoqPMA==,CoT,=FALSE(),7
gemini-1.5-flash-002,q1_m7X2LC4GpkD9pGZPUgdKEh1GHdAAAJoqPMA==,CoT,=FALSE(),+
gemini-1.5-flash-002,q1_m7X2LC4GpkD9pGZPUgdKEh1GHdAAAJoqPMA==,CoT,=FALSE(),9
gemini-1.5-flash-002,q1_m7X2LC4GpkD9pGZPUgdKEh1GHdAAAJoqPMA==,CoT,=FALSE(),16
gemini-1.5-flash-002,q1_m7X2LC4GpkD9pGZPUgdKEh1GHdAAAJoqPMA==,CoT,=FALSE(),13
gemini-1.5-flash-002,q1_m7X2LC4GpkD9pGZPUgdKEh1GHdAAAJoqPMA==,CoT,=FALSE(),20
gemini-1.5-flash-002,q1_m7X2LC4GpkD9pGZPUgdKEh1GHdAAAJoqPMA==,CoT,=FALSE(),14
gemini-1.5-flash-002,q1_m7X2LC4GpkD9pGZPUgdKEh1GHdAAAJoqPMA==,CoT,=FALSE(),+
gemini-1.5-flash-002,q1_m7X2LC4GpkD9pGZPUgdKEh1GHdAAAJoqPMA==,CoT,=FALSE(),5
gemini-1.5-flash-002,q1_m7X2LC4GpkD9pGZPUgdKEh1GHdAAAJoqPMA==,CoT,=FALSE(),+
gemini-1.5-flash-002,q1_m7X2LC4GpkD9pGZPUgdKEh1GHdAAAJoqPMA==,CoT,=FALSE(),+
gemini-1.5-flash-002,q1_m7X2LC4GpkD9pGZPUgdKEh1GHdAAAJoqPMA==,CoT,=FALSE(),+
gemini-1.5-flash-002,q1_m7X2LC4GpkD9pGZPUgdKEh1GHdAAAJoqPMA==,CoT,=FALSE(),14
gemini-1.5-flash-002,q1_m7X2LC4GpkD9pGZPUgdKEh1GHdAAAJoqPMA==,CoT,=FALSE(),6
gemini-1.5-flash-002,q1_m7X2LC4GpkD9pGZPUgdKEh1GHdAAAJoqPMA==,CoT,=FALSE(),+
gemini-1.5-flash-002,q1_m7X2LC4GpkD9pGZPUgdKEh1GHdAAAJoqPMA==,CoT,=FALSE(),7
gemini-1.5-flash-002,q1_m7X2LC4GpkD9pGZPUgdKEh1GHdAAAJoqPMA==,CoT,=FALSE(),16
gemini-1.5-flash-002,q1_m7X2LC4GpkD9pGZPUgdKEh1GHdAAAJoqPMA==,CoT,=FALSE(),16
gemini-1.5-flash-002,q1_m7X2LC4GpkD9pGZPUgdKEh1GHdAAAJoqPMA==,CoT,=FALSE(),+
gemini-1.5-flash-002,q1_m7X2LC4GpkD9pGZPUgdKEh1GHdAAAJoqPMA==,CoT,=FALSE(),+
gemini-1.5-flash-002,q1_m7X2LC4GpkD9pGZPUgdKEh1GHdAAAJoqPMA==,CoT,=FALSE(),10
gemini-1.5-flash-002,q1_m7X2LC4GpkD9pGZPUgdKEh1GHdAAAJoqPMA==,CoT,=FALSE(),+
gemini-1.5-flash-002,q1_m7X2LC4GpkD9pGZPUgdKEh1GHdAAAJoqPMA==,CoT,=FALSE(),13
gemini-1.5-flash-002,q1_m7X2LC4GpkD9pGZPUgdKEh1GHdAAAJoqPMA==,CoT,=FALSE(),13
gemini-1.5-flash-002,q1_m7X2LC4GpkD9pGZPUgdKEh1GHdAAAJoqPMA==,CoT,=FALSE(),+
gemini-1.5-flash-002,q1_m7X2LC4GpkD9pGZPUgdKEh1GHdAAAJoqPMA==,CoT,=FALSE(),+
gemini-1.5-flash-002,q1_m7X2LC4GpkD9pGZPUgdKEh1GHdAAAJoqPMA==,CoT,=FALSE(),11
gemini-1.5-flash-002,q1_m7X2LC4GpkD9pGZPUgdKEh1GHdAAAJoqPMA==,CoT,=FALSE(),17
gemini-1.5-flash-002,q1_m7X2LC4GpkD9pGZPUgdKEh1GHdAAAJoqPMA==,CoT,=FALSE(),13
gemini-1.5-flash-002,q1_m7X2LC4GpkD9pGZPUgdKEh1GHdAAAJoqPMA==,CoT,=FALSE(),+
gemini-1.5-flash-002,q1_m7X2LC4GpkD9pGZPUgdKEh1GHdAAAJoqPMA==,CoT,=FALSE(),18
gemini-1.5-flash-002,q1_m7X2LC4GpkD9pGZPUgdKEh1GHdAAAJoqPMA==,CoT,=FALSE(),16
gemini-1.5-flash-002,q1_m7X2LC4GpkD9pGZPUgdKEh1GHdAAAJoqPMA==,CoT,=FALSE(),9
gemini-1.5-flash-002,q1_m7X2LC4GpkD9pGZPUgdKEh1GHdAAAJoqPMA==,CoT,=FALSE(),21
gemini-1.5-flash-002,q1_m7X2LC4GpkD9pGZPUgdKEh1GHdAAAJoqPMA==,CoT,=FALSE(),16
gemini-1.5-flash-002,q1_m7X2LC4GpkD9pGZPUgdKEh1GHdAAAJoqPMA==,CoT,=FALSE(),+
gemini-1.5-flash-002,q1_m7X2LC4GpkD9pGZPUgdKEh1GHdAAAJoqPMA==,CoT,=FALSE(),+
gemini-1.5-flash-002,q1_m7X2LC4GpkD9pGZPUgdKEh1GHdAAAJoqPMA==,CoT,=FALSE(),+
gemini-1.5-flash-002,q1_m7X2LC4GpkD9pGZPUgdKEh1GHdAAAJoqPMA==,CoT,=FALSE(),+
gemini-1.5-flash-002,q1_m7X2LC4GpkD9pGZPUgdKEh1GHdAAAJoqPMA==,CoT,=FALSE(),20
gemini-1.5-flash-002,q1_m7X2LC4GpkD9pGZPUgdKEh1GHdAAAJoqPMA==,CoT,=FALSE(),+
gemini-1.5-flash-002,q1_m7X2LC4GpkD9pGZPUgdKEh1GHdAAAJoqPMA==,CoT,=FALSE(),7
gemini-1.5-flash-002,q1_m7X2LC4GpkD9pGZPUgdKEh1GHdAAAJoqPMA==,CoT,=FALSE(),21
gemini-1.5-flash-002,q1_m7X2LC4GpkD9pGZPUgdKEh1GHdAAAJoqPMA==,CoT,=FALSE(),13
gemini-1.5-flash-002,RJVo13lZOiNxT3R5nWLWWNtMMIW8OdHczhAfeg==,CoT,=FALSE(),13
gemini-1.5-flash-002,RJVo13lZOiNxT3R5nWLWWNtMMIW8OdHczhAfeg==,CoT,=FALSE(),17
gemini-1.5-flash-002,RJVo13lZOiNxT3R5nWLWWNtMMIW8OdHczhAfeg==,CoT,=FALSE(),+
gemini-1.5-flash-002,RJVo13lZOiNxT3R5nWLWWNtMMIW8OdHczhAfeg==,CoT,=FALSE(),10
gemini-1.5-flash-002,RJVo13lZOiNxT3R5nWLWWNtMMIW8OdHczhAfeg==,CoT,=FALSE(),+
gemini-1.5-flash-002,RJVo13lZOiNxT3R5nWLWWNtMMIW8OdHczhAfeg==,CoT,=FALSE(),+
gemini-1.5-flash-002,RJVo13lZOiNxT3R5nWLWWNtMMIW8OdHczhAfeg==,CoT,=FALSE(),16
gemini-1.5-flash-002,RJVo13lZOiNxT3R5nWLWWNtMMIW8OdHczhAfeg==,CoT,=FALSE(),+
gemini-1.5-flash-002,RJVo13lZOiNxT3R5nWLWWNtMMIW8OdHczhAfeg==,CoT,=FALSE(),17
gemini-1.5-flash-002,RJVo13lZOiNxT3R5nWLWWNtMMIW8OdHczhAfeg==,CoT,=FALSE(),+
gemini-1.5-flash-002,RJVo13lZOiNxT3R5nWLWWNtMMIW8OdHczhAfeg==,CoT,=FALSE(),+
gemini-1.5-flash-002,RJVo13lZOiNxT3R5nWLWWNtMMIW8OdHczhAfeg==,CoT,=FALSE(),21
gemini-1.5-flash-002,RJVo13lZOiNxT3R5nWLWWNtMMIW8OdHczhAfeg==,CoT,=FALSE(),9
gemini-1.5-flash-002,RJVo13lZOiNxT3R5nWLWWNtMMIW8OdHczhAfeg==,CoT,=FALSE(),16
gemini-1.5-flash-002,RJVo13lZOiNxT3R5nWLWWNtMMIW8OdHczhAfeg==,CoT,=FALSE(),+
gemini-1.5-flash-002,RJVo13lZOiNxT3R5nWLWWNtMMIW8OdHczhAfeg==,CoT,=FALSE(),+
gemini-1.5-flash-002,RJVo13lZOiNxT3R5nWLWWNtMMIW8OdHczhAfeg==,CoT,=FALSE(),9
gemini-1.5-flash-002,RJVo13lZOiNxT3R5nWLWWNtMMIW8OdHczhAfeg==,CoT,=FALSE(),16
gemini-1.5-flash-002,RJVo13lZOiNxT3R5nWLWWNtMMIW8OdHczhAfeg==,CoT,=FALSE(),+
gemini-1.5-flash-002,RJVo13lZOiNxT3R5nWLWWNtMMIW8OdHczhAfeg==,CoT,=FALSE(),5
gemini-1.5-flash-002,RJVo13lZOiNxT3R5nWLWWNtMMIW8OdHczhAfeg==,CoT,=FALSE(),+
gemini-1.5-flash-002,RJVo13lZOiNxT3R5nWLWWNtMMIW8OdHczhAfeg==,CoT,=FALSE(),20
gemini-1.5-flash-002,RJVo13lZOiNxT3R5nWLWWNtMMIW8OdHczhAfeg==,CoT,=FALSE(),+
gemini-1.5-flash-002,RJVo13lZOiNxT3R5nWLWWNtMMIW8OdHczhAfeg==,CoT,=FALSE(),+
gemini-1.5-flash-002,RJVo13lZOiNxT3R5nWLWWNtMMIW8OdHczhAfeg==,CoT,=FALSE(),+
gemini-1.5-flash-002,RJVo13lZOiNxT3R5nWLWWNtMMIW8OdHczhAfeg==,CoT,=FALSE(),13
gemini-1.5-flash-002,RJVo13lZOiNxT3R5nWLWWNtMMIW8OdHczhAfeg==,CoT,=FALSE(),18
gemini-1.5-flash-002,RJVo13lZOiNxT3R5nWLWWNtMMIW8OdHczhAfeg==,CoT,=FALSE(),6
gemini-1.5-flash-002,RJVo13lZOiNxT3R5nWLWWNtMMIW8OdHczhAfeg==,CoT,=FALSE(),+
gemini-1.5-flash-002,RJVo13lZOiNxT3R5nWLWWNtMMIW8OdHczhAfeg==,CoT,=FALSE(),+
gemini-1.5-flash-002,RJVo13lZOiNxT3R5nWLWWNtMMIW8OdHczhAfeg==,CoT,=FALSE(),+
gemini-1.5-flash-002,RJVo13lZOiNxT3R5nWLWWNtMMIW8OdHczhAfeg==,CoT,=FALSE(),9
gemini-1.5-flash-002,RJVo13lZOiNxT3R5nWLWWNtMMIW8OdHczhAfeg==,CoT,=FALSE(),13
gemini-1.5-flash-002,RJVo13lZOiNxT3R5nWLWWNtMMIW8OdHczhAfeg==,CoT,=FALSE(),+
gemini-1.5-flash-002,RJVo13lZOiNxT3R5nWLWWNtMMIW8OdHczhAfeg==,CoT,=FALSE(),19
gemini-1.5-flash-002,RJVo13lZOiNxT3R5nWLWWNtMMIW8OdHczhAfeg==,CoT,=FALSE(),18
gemini-1.5-flash-002,RJVo13lZOiNxT3R5nWLWWNtMMIW8OdHczhAfeg==,CoT,=FALSE(),+
gemini-1.5-flash-002,RJVo13lZOiNxT3R5nWLWWNtMMIW8OdHczhAfeg==,CoT,=FALSE(),7
gemini-1.5-flash-002,RJVo13lZOiNxT3R5nWLWWNtMMIW8OdHczhAfeg==,CoT,=FALSE(),+
gemini-1.5-flash-002,RJVo13lZOiNxT3R5nWLWWNtMMIW8OdHczhAfeg==,CoT,=FALSE(),6
gemini-1.5-flash-002,RJVo13lZOiNxT3R5nWLWWNtMMIW8OdHczhAfeg==,CoT,=FALSE(),5
gemini-1.5-flash-002,RJVo13lZOiNxT3R5nWLWWNtMMIW8OdHczhAfeg==,CoT,=FALSE(),9
gemini-1.5-flash-002,RJVo13lZOiNxT3R5nWLWWNtMMIW8OdHczhAfeg==,CoT,=FALSE(),+
gemini-1.5-flash-002,RJVo13lZOiNxT3R5nWLWWNtMMIW8OdHczhAfeg==,CoT,=FALSE(),+
gemini-1.5-flash-002,RJVo13lZOiNxT3R5nWLWWNtMMIW8OdHczhAfeg==,CoT,=FALSE(),6
gemini-1.5-flash-002,RJVo13lZOiNxT3R5nWLWWNtMMIW8OdHczhAfeg==,CoT,=FALSE(),+
gemini-1.5-flash-002,RJVo13lZOiNxT3R5nWLWWNtMMIW8OdHczhAfeg==,CoT,=FALSE(),+
gemini-1.5-flash-002,RJVo13lZOiNxT3R5nWLWWNtMMIW8OdHczhAfeg==,CoT,=FALSE(),14
gemini-1.5-flash-002,RJVo13lZOiNxT3R5nWLWWNtMMIW8OdHczhAfeg==,CoT,=FALSE(),+
gemini-1.5-flash-002,RJVo13lZOiNxT3R5nWLWWNtMMIW8OdHczhAfeg==,CoT,=FALSE(),+
gemini-1.5-flash-002,RJVo13lZOiNxT3R5nWLWWNtMMIW8OdHczhAfeg==,CoT,=FALSE(),21
gemini-1.5-flash-002,RJVo13lZOiNxT3R5nWLWWNtMMIW8OdHczhAfeg==,CoT,=FALSE(),+
gemini-1.5-flash-002,RJVo13lZOiNxT3R5nWLWWNtMMIW8OdHczhAfeg==,CoT,=FALSE(),14
gemini-1.5-flash-002,RJVo13lZOiNxT3R5nWLWWNtMMIW8OdHczhAfeg==,CoT,=FALSE(),14
gemini-1.5-flash-002,RJVo13lZOiNxT3R5nWLWWNtMMIW8OdHczhAfeg==,CoT,=FALSE(),+
gemini-1.5-flash-002,RJVo13lZOiNxT3R5nWLWWNtMMIW8OdHczhAfeg==,CoT,=FALSE(),+
gemini-1.5-flash-002,RJVo13lZOiNxT3R5nWLWWNtMMIW8OdHczhAfeg==,CoT,=FALSE(),10
gemini-1.5-flash-002,RJVo13lZOiNxT3R5nWLWWNtMMIW8OdHczhAfeg==,CoT,=FALSE(),+
gemini-1.5-flash-002,RJVo13lZOiNxT3R5nWLWWNtMMIW8OdHczhAfeg==,CoT,=FALSE(),+
gemini-1.5-flash-002,RJVo13lZOiNxT3R5nWLWWNtMMIW8OdHczhAfeg==,CoT,=FALSE(),+
gemini-1.5-flash-002,RJVo13lZOiNxT3R5nWLWWNtMMIW8OdHczhAfeg==,CoT,=FALSE(),17
gemini-1.5-flash-002,RJVo13lZOiNxT3R5nWLWWNtMMIW8OdHczhAfeg==,CoT,=FALSE(),5
gemini-1.5-flash-002,RJVo13lZOiNxT3R5nWLWWNtMMIW8OdHczhAfeg==,CoT,=FALSE(),19
gemini-1.5-flash-002,RJVo13lZOiNxT3R5nWLWWNtMMIW8OdHczhAfeg==,CoT,=FALSE(),13
gemini-1.5-flash-002,RJVo13lZOiNxT3R5nWLWWNtMMIW8OdHczhAfeg==,CoT,=FALSE(),16
gemini-1.5-flash-002,RJVo13lZOiNxT3R5nWLWWNtMMIW8OdHczhAfeg==,CoT,=FALSE(),+
gemini-1.5-flash-002,RJVo13lZOiNxT3R5nWLWWNtMMIW8OdHczhAfeg==,CoT,=FALSE(),13
gemini-1.5-flash-002,RJVo13lZOiNxT3R5nWLWWNtMMIW8OdHczhAfeg==,CoT,=FALSE(),+
gemini-1.5-flash-002,RJVo13lZOiNxT3R5nWLWWNtMMIW8OdHczhAfeg==,CoT,=FALSE(),+
gemini-1.5-flash-002,RJVo13lZOiNxT3R5nWLWWNtMMIW8OdHczhAfeg==,CoT,=FALSE(),+
gemini-1.5-flash-002,RJVo13lZOiNxT3R5nWLWWNtMMIW8OdHczhAfeg==,CoT,=FALSE(),+
gemini-1.5-flash-002,RJVo13lZOiNxT3R5nWLWWNtMMIW8OdHczhAfeg==,CoT,=FALSE(),13
gemini-1.5-flash-002,RJVo13lZOiNxT3R5nWLWWNtMMIW8OdHczhAfeg==,CoT,=FALSE(),13
gemini-1.5-flash-002,RJVo13lZOiNxT3R5nWLWWNtMMIW8OdHczhAfeg==,CoT,=FALSE(),18
gemini-1.5-flash-002,RJVo13lZOiNxT3R5nWLWWNtMMIW8OdHczhAfeg==,CoT,=FALSE(),+
gemini-1.5-flash-002,RJVo13lZOiNxT3R5nWLWWNtMMIW8OdHczhAfeg==,CoT,=FALSE(),15
gemini-1.5-flash-002,RJVo13lZOiNxT3R5nWLWWNtMMIW8OdHczhAfeg==,CoT,=FALSE(),18
gemini-1.5-flash-002,RJVo13lZOiNxT3R5nWLWWNtMMIW8OdHczhAfeg==,CoT,=FALSE(),+
gemini-1.5-flash-002,RJVo13lZOiNxT3R5nWLWWNtMMIW8OdHczhAfeg==,CoT,=FALSE(),+
gemini-1.5-flash-002,RJVo13lZOiNxT3R5nWLWWNtMMIW8OdHczhAfeg==,CoT,=FALSE(),+
gemini-1.5-flash-002,RJVo13lZOiNxT3R5nWLWWNtMMIW8OdHczhAfeg==,CoT,=FALSE(),+
gemini-1.5-flash-002,RJVo13lZOiNxT3R5nWLWWNtMMIW8OdHczhAfeg==,CoT,=FALSE(),+
gemini-1.5-flash-002,RJVo13lZOiNxT3R5nWLWWNtMMIW8OdHczhAfeg==,CoT,=FALSE(),+
gemini-1.5-flash-002,RJVo13lZOiNxT3R5nWLWWNtMMIW8OdHczhAfeg==,CoT,=FALSE(),+
gemini-1.5-flash-002,RJVo13lZOiNxT3R5nWLWWNtMMIW8OdHczhAfeg==,CoT,=FALSE(),+
gemini-1.5-flash-002,RJVo13lZOiNxT3R5nWLWWNtMMIW8OdHczhAfeg==,CoT,=FALSE(),+
gemini-1.5-flash-002,RJVo13lZOiNxT3R5nWLWWNtMMIW8OdHczhAfeg==,CoT,=FALSE(),13
gemini-1.5-flash-002,RJVo13lZOiNxT3R5nWLWWNtMMIW8OdHczhAfeg==,CoT,=FALSE(),15
gemini-1.5-flash-002,RJVo13lZOiNxT3R5nWLWWNtMMIW8OdHczhAfeg==,CoT,=FALSE(),13
gemini-1.5-flash-002,RJVo13lZOiNxT3R5nWLWWNtMMIW8OdHczhAfeg==,CoT,=FALSE(),16
gemini-1.5-flash-002,RJVo13lZOiNxT3R5nWLWWNtMMIW8OdHczhAfeg==,CoT,=FALSE(),6
gemini-1.5-flash-002,RJVo13lZOiNxT3R5nWLWWNtMMIW8OdHczhAfeg==,CoT,=FALSE(),13
gemini-1.5-flash-002,RJVo13lZOiNxT3R5nWLWWNtMMIW8OdHczhAfeg==,CoT,=FALSE(),17
gemini-1.5-flash-002,RJVo13lZOiNxT3R5nWLWWNtMMIW8OdHczhAfeg==,CoT,=FALSE(),+
gemini-1.5-flash-002,RJVo13lZOiNxT3R5nWLWWNtMMIW8OdHczhAfeg==,CoT,=FALSE(),+
gemini-1.5-flash-002,RJVo13lZOiNxT3R5nWLWWNtMMIW8OdHczhAfeg==,CoT,=FALSE(),6
gemini-1.5-flash-002,RJVo13lZOiNxT3R5nWLWWNtMMIW8OdHczhAfeg==,CoT,=FALSE(),20
gemini-1.5-flash-002,RJVo13lZOiNxT3R5nWLWWNtMMIW8OdHczhAfeg==,CoT,=FALSE(),+
gemini-1.5-flash-002,RJVo13lZOiNxT3R5nWLWWNtMMIW8OdHczhAfeg==,CoT,=FALSE(),14
gemini-1.5-flash-002,RJVo13lZOiNxT3R5nWLWWNtMMIW8OdHczhAfeg==,CoT,=FALSE(),+
gemini-1.5-flash-002,UB-XUIkNQmXyKMx2o3HDL6OX7OmcofR3P4lWbg==,CoT,=FALSE(),+
gemini-1.5-flash-002,UB-XUIkNQmXyKMx2o3HDL6OX7OmcofR3P4lWbg==,CoT,=FALSE(),+
gemini-1.5-flash-002,UB-XUIkNQmXyKMx2o3HDL6OX7OmcofR3P4lWbg==,CoT,=FALSE(),15
gemini-1.5-flash-002,UB-XUIkNQmXyKMx2o3HDL6OX7OmcofR3P4lWbg==,CoT,=FALSE(),17
gemini-1.5-flash-002,UB-XUIkNQmXyKMx2o3HDL6OX7OmcofR3P4lWbg==,CoT,=FALSE(),+
gemini-1.5-flash-002,UB-XUIkNQmXyKMx2o3HDL6OX7OmcofR3P4lWbg==,CoT,=FALSE(),+
gemini-1.5-flash-002,UB-XUIkNQmXyKMx2o3HDL6OX7OmcofR3P4lWbg==,CoT,=FALSE(),+
gemini-1.5-flash-002,UB-XUIkNQmXyKMx2o3HDL6OX7OmcofR3P4lWbg==,CoT,=FALSE(),+
gemini-1.5-flash-002,UB-XUIkNQmXyKMx2o3HDL6OX7OmcofR3P4lWbg==,CoT,=FALSE(),9
gemini-1.5-flash-002,UB-XUIkNQmXyKMx2o3HDL6OX7OmcofR3P4lWbg==,CoT,=FALSE(),13
gemini-1.5-flash-002,UB-XUIkNQmXyKMx2o3HDL6OX7OmcofR3P4lWbg==,CoT,=FALSE(),5
gemini-1.5-flash-002,UB-XUIkNQmXyKMx2o3HDL6OX7OmcofR3P4lWbg==,CoT,=FALSE(),+
gemini-1.5-flash-002,UB-XUIkNQmXyKMx2o3HDL6OX7OmcofR3P4lWbg==,CoT,=FALSE(),+
gemini-1.5-flash-002,UB-XUIkNQmXyKMx2o3HDL6OX7OmcofR3P4lWbg==,CoT,=FALSE(),+
gemini-1.5-flash-002,UB-XUIkNQmXyKMx2o3HDL6OX7OmcofR3P4lWbg==,CoT,=FALSE(),10
gemini-1.5-flash-002,UB-XUIkNQmXyKMx2o3HDL6OX7OmcofR3P4lWbg==,CoT,=FALSE(),+
gemini-1.5-flash-002,UB-XUIkNQmXyKMx2o3HDL6OX7OmcofR3P4lWbg==,CoT,=FALSE(),+
gemini-1.5-flash-002,UB-XUIkNQmXyKMx2o3HDL6OX7OmcofR3P4lWbg==,CoT,=FALSE(),14
gemini-1.5-flash-002,UB-XUIkNQmXyKMx2o3HDL6OX7OmcofR3P4lWbg==,CoT,=FALSE(),18
gemini-1.5-flash-002,UB-XUIkNQmXyKMx2o3HDL6OX7OmcofR3P4lWbg==,CoT,=FALSE(),11
gemini-1.5-flash-002,UB-XUIkNQmXyKMx2o3HDL6OX7OmcofR3P4lWbg==,CoT,=FALSE(),+
gemini-1.5-flash-002,UB-XUIkNQmXyKMx2o3HDL6OX7OmcofR3P4lWbg==,CoT,=FALSE(),+
gemini-1.5-flash-002,UB-XUIkNQmXyKMx2o3HDL6OX7OmcofR3P4lWbg==,CoT,=FALSE(),+
gemini-1.5-flash-002,UB-XUIkNQmXyKMx2o3HDL6OX7OmcofR3P4lWbg==,CoT,=FALSE(),15
gemini-1.5-flash-002,UB-XUIkNQmXyKMx2o3HDL6OX7OmcofR3P4lWbg==,CoT,=FALSE(),10
gemini-1.5-flash-002,UB-XUIkNQmXyKMx2o3HDL6OX7OmcofR3P4lWbg==,CoT,=FALSE(),+
gemini-1.5-flash-002,UB-XUIkNQmXyKMx2o3HDL6OX7OmcofR3P4lWbg==,CoT,=FALSE(),13
gemini-1.5-flash-002,UB-XUIkNQmXyKMx2o3HDL6OX7OmcofR3P4lWbg==,CoT,=FALSE(),+
gemini-1.5-flash-002,UB-XUIkNQmXyKMx2o3HDL6OX7OmcofR3P4lWbg==,CoT,=FALSE(),9
gemini-1.5-flash-002,UB-XUIkNQmXyKMx2o3HDL6OX7OmcofR3P4lWbg==,CoT,=FALSE(),+
gemini-1.5-flash-002,UB-XUIkNQmXyKMx2o3HDL6OX7OmcofR3P4lWbg==,CoT,=FALSE(),+
gemini-1.5-flash-002,UB-XUIkNQmXyKMx2o3HDL6OX7OmcofR3P4lWbg==,CoT,=FALSE(),+
gemini-1.5-flash-002,UB-XUIkNQmXyKMx2o3HDL6OX7OmcofR3P4lWbg==,CoT,=FALSE(),13
gemini-1.5-flash-002,UB-XUIkNQmXyKMx2o3HDL6OX7OmcofR3P4lWbg==,CoT,=FALSE(),+
gemini-1.5-flash-002,UB-XUIkNQmXyKMx2o3HDL6OX7OmcofR3P4lWbg==,CoT,=FALSE(),16
gemini-1.5-flash-002,UB-XUIkNQmXyKMx2o3HDL6OX7OmcofR3P4lWbg==,CoT,=FALSE(),+
gemini-1.5-flash-002,UB-XUIkNQmXyKMx2o3HDL6OX7OmcofR3P4lWbg==,CoT,=FALSE(),+
gemini-1.5-flash-002,UB-XUIkNQmXyKMx2o3HDL6OX7OmcofR3P4lWbg==,CoT,=FALSE(),+
gemini-1.5-flash-002,UB-XUIkNQmXyKMx2o3HDL6OX7OmcofR3P4lWbg==,CoT,=FALSE(),+
gemini-1.5-flash-002,UB-XUIkNQmXyKMx2o3HDL6OX7OmcofR3P4lWbg==,CoT,=FALSE(),+
gemini-1.5-flash-002,UB-XUIkNQmXyKMx2o3HDL6OX7OmcofR3P4lWbg==,CoT,=FALSE(),+
gemini-1.5-flash-002,UB-XUIkNQmXyKMx2o3HDL6OX7OmcofR3P4lWbg==,CoT,=FALSE(),+
gemini-1.5-flash-002,UB-XUIkNQmXyKMx2o3HDL6OX7OmcofR3P4lWbg==,CoT,=FALSE(),+
gemini-1.5-flash-002,UB-XUIkNQmXyKMx2o3HDL6OX7OmcofR3P4lWbg==,CoT,=FALSE(),15
gemini-1.5-flash-002,UB-XUIkNQmXyKMx2o3HDL6OX7OmcofR3P4lWbg==,CoT,=FALSE(),+
gemini-1.5-flash-002,UB-XUIkNQmXyKMx2o3HDL6OX7OmcofR3P4lWbg==,CoT,=FALSE(),6
gemini-1.5-flash-002,UB-XUIkNQmXyKMx2o3HDL6OX7OmcofR3P4lWbg==,CoT,=FALSE(),+
gemini-1.5-flash-002,UB-XUIkNQmXyKMx2o3HDL6OX7OmcofR3P4lWbg==,CoT,=FALSE(),+
gemini-1.5-flash-002,UB-XUIkNQmXyKMx2o3HDL6OX7OmcofR3P4lWbg==,CoT,=FALSE(),16
gemini-1.5-flash-002,UB-XUIkNQmXyKMx2o3HDL6OX7OmcofR3P4lWbg==,CoT,=FALSE(),22
gemini-1.5-flash-002,UB-XUIkNQmXyKMx2o3HDL6OX7OmcofR3P4lWbg==,CoT,=FALSE(),+
gemini-1.5-flash-002,UB-XUIkNQmXyKMx2o3HDL6OX7OmcofR3P4lWbg==,CoT,=FALSE(),+
gemini-1.5-flash-002,UB-XUIkNQmXyKMx2o3HDL6OX7OmcofR3P4lWbg==,CoT,=FALSE(),+
gemini-1.5-flash-002,UB-XUIkNQmXyKMx2o3HDL6OX7OmcofR3P4lWbg==,CoT,=FALSE(),25
gemini-1.5-flash-002,UB-XUIkNQmXyKMx2o3HDL6OX7OmcofR3P4lWbg==,CoT,=FALSE(),+
gemini-1.5-flash-002,UB-XUIkNQmXyKMx2o3HDL6OX7OmcofR3P4lWbg==,CoT,=FALSE(),+
gemini-1.5-flash-002,UB-XUIkNQmXyKMx2o3HDL6OX7OmcofR3P4lWbg==,CoT,=FALSE(),+
gemini-1.5-flash-002,UB-XUIkNQmXyKMx2o3HDL6OX7OmcofR3P4lWbg==,CoT,=FALSE(),12
gemini-1.5-flash-002,UB-XUIkNQmXyKMx2o3HDL6OX7OmcofR3P4lWbg==,CoT,=FALSE(),+
gemini-1.5-flash-002,UB-XUIkNQmXyKMx2o3HDL6OX7OmcofR3P4lWbg==,CoT,=FALSE(),20
gemini-1.5-flash-002,UB-XUIkNQmXyKMx2o3HDL6OX7OmcofR3P4lWbg==,CoT,=FALSE(),+
gemini-1.5-flash-002,UB-XUIkNQmXyKMx2o3HDL6OX7OmcofR3P4lWbg==,CoT,=FALSE(),13
gemini-1.5-flash-002,UB-XUIkNQmXyKMx2o3HDL6OX7OmcofR3P4lWbg==,CoT,=FALSE(),+
gemini-1.5-flash-002,UB-XUIkNQmXyKMx2o3HDL6OX7OmcofR3P4lWbg==,CoT,=FALSE(),+
gemini-1.5-flash-002,UB-XUIkNQmXyKMx2o3HDL6OX7OmcofR3P4lWbg==,CoT,=FALSE(),+
gemini-1.5-flash-002,UB-XUIkNQmXyKMx2o3HDL6OX7OmcofR3P4lWbg==,CoT,=FALSE(),10
gemini-1.5-flash-002,UB-XUIkNQmXyKMx2o3HDL6OX7OmcofR3P4lWbg==,CoT,=FALSE(),16
gemini-1.5-flash-002,UB-XUIkNQmXyKMx2o3HDL6OX7OmcofR3P4lWbg==,CoT,=FALSE(),+
gemini-1.5-flash-002,UB-XUIkNQmXyKMx2o3HDL6OX7OmcofR3P4lWbg==,CoT,=FALSE(),+
gemini-1.5-flash-002,UB-XUIkNQmXyKMx2o3HDL6OX7OmcofR3P4lWbg==,CoT,=FALSE(),+
gemini-1.5-flash-002,UB-XUIkNQmXyKMx2o3HDL6OX7OmcofR3P4lWbg==,CoT,=FALSE(),9
gemini-1.5-flash-002,UB-XUIkNQmXyKMx2o3HDL6OX7OmcofR3P4lWbg==,CoT,=FALSE(),17
gemini-1.5-flash-002,UB-XUIkNQmXyKMx2o3HDL6OX7OmcofR3P4lWbg==,CoT,=FALSE(),+
gemini-1.5-flash-002,UB-XUIkNQmXyKMx2o3HDL6OX7OmcofR3P4lWbg==,CoT,=FALSE(),+
gemini-1.5-flash-002,UB-XUIkNQmXyKMx2o3HDL6OX7OmcofR3P4lWbg==,CoT,=FALSE(),+
gemini-1.5-flash-002,UB-XUIkNQmXyKMx2o3HDL6OX7OmcofR3P4lWbg==,CoT,=FALSE(),20
gemini-1.5-flash-002,UB-XUIkNQmXyKMx2o3HDL6OX7OmcofR3P4lWbg==,CoT,=FALSE(),+
gemini-1.5-flash-002,UB-XUIkNQmXyKMx2o3HDL6OX7OmcofR3P4lWbg==,CoT,=FALSE(),9
gemini-1.5-flash-002,UB-XUIkNQmXyKMx2o3HDL6OX7OmcofR3P4lWbg==,CoT,=FALSE(),+
gemini-1.5-flash-002,UB-XUIkNQmXyKMx2o3HDL6OX7OmcofR3P4lWbg==,CoT,=FALSE(),7
gemini-1.5-flash-002,UB-XUIkNQmXyKMx2o3HDL6OX7OmcofR3P4lWbg==,CoT,=FALSE(),+
gemini-1.5-flash-002,UB-XUIkNQmXyKMx2o3HDL6OX7OmcofR3P4lWbg==,CoT,=FALSE(),+
gemini-1.5-flash-002,UB-XUIkNQmXyKMx2o3HDL6OX7OmcofR3P4lWbg==,CoT,=FALSE(),+
gemini-1.5-flash-002,UB-XUIkNQmXyKMx2o3HDL6OX7OmcofR3P4lWbg==,CoT,=FALSE(),13
gemini-1.5-flash-002,UB-XUIkNQmXyKMx2o3HDL6OX7OmcofR3P4lWbg==,CoT,=FALSE(),+
gemini-1.5-flash-002,UB-XUIkNQmXyKMx2o3HDL6OX7OmcofR3P4lWbg==,CoT,=FALSE(),23
gemini-1.5-flash-002,UB-XUIkNQmXyKMx2o3HDL6OX7OmcofR3P4lWbg==,CoT,=FALSE(),14
gemini-1.5-flash-002,UB-XUIkNQmXyKMx2o3HDL6OX7OmcofR3P4lWbg==,CoT,=FALSE(),+
gemini-1.5-flash-002,UB-XUIkNQmXyKMx2o3HDL6OX7OmcofR3P4lWbg==,CoT,=FALSE(),19
gemini-1.5-flash-002,UB-XUIkNQmXyKMx2o3HDL6OX7OmcofR3P4lWbg==,CoT,=FALSE(),+
gemini-1.5-flash-002,UB-XUIkNQmXyKMx2o3HDL6OX7OmcofR3P4lWbg==,CoT,=FALSE(),14
gemini-1.5-flash-002,UB-XUIkNQmXyKMx2o3HDL6OX7OmcofR3P4lWbg==,CoT,=FALSE(),13
gemini-1.5-flash-002,UB-XUIkNQmXyKMx2o3HDL6OX7OmcofR3P4lWbg==,CoT,=FALSE(),7
gemini-1.5-flash-002,UB-XUIkNQmXyKMx2o3HDL6OX7OmcofR3P4lWbg==,CoT,=FALSE(),+
gemini-1.5-flash-002,UB-XUIkNQmXyKMx2o3HDL6OX7OmcofR3P4lWbg==,CoT,=FALSE(),+
gemini-1.5-flash-002,UB-XUIkNQmXyKMx2o3HDL6OX7OmcofR3P4lWbg==,CoT,=FALSE(),+
gemini-1.5-flash-002,UB-XUIkNQmXyKMx2o3HDL6OX7OmcofR3P4lWbg==,CoT,=FALSE(),+
gemini-1.5-flash-002,UB-XUIkNQmXyKMx2o3HDL6OX7OmcofR3P4lWbg==,CoT,=FALSE(),+
gemini-1.5-flash-002,UB-XUIkNQmXyKMx2o3HDL6OX7OmcofR3P4lWbg==,CoT,=FALSE(),+
gemini-1.5-flash-002,UB-XUIkNQmXyKMx2o3HDL6OX7OmcofR3P4lWbg==,CoT,=FALSE(),+
gemini-1.5-flash-002,ZERIKLw91BcWYBNtBMWAclt9IpDuyHmEDDx0yA==,CoT,=FALSE(),+
gemini-1.5-flash-002,ZERIKLw91BcWYBNtBMWAclt9IpDuyHmEDDx0yA==,CoT,=FALSE(),18
gemini-1.5-flash-002,ZERIKLw91BcWYBNtBMWAclt9IpDuyHmEDDx0yA==,CoT,=FALSE(),+
gemini-1.5-flash-002,ZERIKLw91BcWYBNtBMWAclt9IpDuyHmEDDx0yA==,CoT,=FALSE(),9
gemini-1.5-flash-002,ZERIKLw91BcWYBNtBMWAclt9IpDuyHmEDDx0yA==,CoT,=FALSE(),17
gemini-1.5-flash-002,ZERIKLw91BcWYBNtBMWAclt9IpDuyHmEDDx0yA==,CoT,=FALSE(),18
gemini-1.5-flash-002,ZERIKLw91BcWYBNtBMWAclt9IpDuyHmEDDx0yA==,CoT,=FALSE(),+
gemini-1.5-flash-002,ZERIKLw91BcWYBNtBMWAclt9IpDuyHmEDDx0yA==,CoT,=FALSE(),+
gemini-1.5-flash-002,ZERIKLw91BcWYBNtBMWAclt9IpDuyHmEDDx0yA==,CoT,=FALSE(),+
gemini-1.5-flash-002,ZERIKLw91BcWYBNtBMWAclt9IpDuyHmEDDx0yA==,CoT,=FALSE(),18
gemini-1.5-flash-002,ZERIKLw91BcWYBNtBMWAclt9IpDuyHmEDDx0yA==,CoT,=FALSE(),+
gemini-1.5-flash-002,ZERIKLw91BcWYBNtBMWAclt9IpDuyHmEDDx0yA==,CoT,=FALSE(),7
gemini-1.5-flash-002,ZERIKLw91BcWYBNtBMWAclt9IpDuyHmEDDx0yA==,CoT,=FALSE(),+
gemini-1.5-flash-002,ZERIKLw91BcWYBNtBMWAclt9IpDuyHmEDDx0yA==,CoT,=FALSE(),13
gemini-1.5-flash-002,ZERIKLw91BcWYBNtBMWAclt9IpDuyHmEDDx0yA==,CoT,=FALSE(),+
gemini-1.5-flash-002,ZERIKLw91BcWYBNtBMWAclt9IpDuyHmEDDx0yA==,CoT,=FALSE(),9
gemini-1.5-flash-002,ZERIKLw91BcWYBNtBMWAclt9IpDuyHmEDDx0yA==,CoT,=FALSE(),17
gemini-1.5-flash-002,ZERIKLw91BcWYBNtBMWAclt9IpDuyHmEDDx0yA==,CoT,=FALSE(),+
gemini-1.5-flash-002,ZERIKLw91BcWYBNtBMWAclt9IpDuyHmEDDx0yA==,CoT,=FALSE(),+
gemini-1.5-flash-002,ZERIKLw91BcWYBNtBMWAclt9IpDuyHmEDDx0yA==,CoT,=FALSE(),9
gemini-1.5-flash-002,ZERIKLw91BcWYBNtBMWAclt9IpDuyHmEDDx0yA==,CoT,=FALSE(),14
gemini-1.5-flash-002,ZERIKLw91BcWYBNtBMWAclt9IpDuyHmEDDx0yA==,CoT,=FALSE(),+
gemini-1.5-flash-002,ZERIKLw91BcWYBNtBMWAclt9IpDuyHmEDDx0yA==,CoT,=FALSE(),21
gemini-1.5-flash-002,ZERIKLw91BcWYBNtBMWAclt9IpDuyHmEDDx0yA==,CoT,=FALSE(),13
gemini-1.5-flash-002,ZERIKLw91BcWYBNtBMWAclt9IpDuyHmEDDx0yA==,CoT,=FALSE(),+
gemini-1.5-flash-002,ZERIKLw91BcWYBNtBMWAclt9IpDuyHmEDDx0yA==,CoT,=FALSE(),+
gemini-1.5-flash-002,ZERIKLw91BcWYBNtBMWAclt9IpDuyHmEDDx0yA==,CoT,=FALSE(),+
gemini-1.5-flash-002,ZERIKLw91BcWYBNtBMWAclt9IpDuyHmEDDx0yA==,CoT,=FALSE(),+
gemini-1.5-flash-002,ZERIKLw91BcWYBNtBMWAclt9IpDuyHmEDDx0yA==,CoT,=FALSE(),+
gemini-1.5-flash-002,ZERIKLw91BcWYBNtBMWAclt9IpDuyHmEDDx0yA==,CoT,=FALSE(),+
gemini-1.5-flash-002,ZERIKLw91BcWYBNtBMWAclt9IpDuyHmEDDx0yA==,CoT,=FALSE(),13
gemini-1.5-flash-002,ZERIKLw91BcWYBNtBMWAclt9IpDuyHmEDDx0yA==,CoT,=FALSE(),20
gemini-1.5-flash-002,ZERIKLw91BcWYBNtBMWAclt9IpDuyHmEDDx0yA==,CoT,=FALSE(),13
gemini-1.5-flash-002,ZERIKLw91BcWYBNtBMWAclt9IpDuyHmEDDx0yA==,CoT,=FALSE(),+
gemini-1.5-flash-002,ZERIKLw91BcWYBNtBMWAclt9IpDuyHmEDDx0yA==,CoT,=FALSE(),+
gemini-1.5-flash-002,ZERIKLw91BcWYBNtBMWAclt9IpDuyHmEDDx0yA==,CoT,=FALSE(),+
gemini-1.5-flash-002,ZERIKLw91BcWYBNtBMWAclt9IpDuyHmEDDx0yA==,CoT,=FALSE(),16
gemini-1.5-flash-002,ZERIKLw91BcWYBNtBMWAclt9IpDuyHmEDDx0yA==,CoT,=FALSE(),+
gemini-1.5-flash-002,ZERIKLw91BcWYBNtBMWAclt9IpDuyHmEDDx0yA==,CoT,=FALSE(),13
gemini-1.5-flash-002,ZERIKLw91BcWYBNtBMWAclt9IpDuyHmEDDx0yA==,CoT,=FALSE(),14
gemini-1.5-flash-002,ZERIKLw91BcWYBNtBMWAclt9IpDuyHmEDDx0yA==,CoT,=FALSE(),20
gemini-1.5-flash-002,ZERIKLw91BcWYBNtBMWAclt9IpDuyHmEDDx0yA==,CoT,=FALSE(),+
gemini-1.5-flash-002,ZERIKLw91BcWYBNtBMWAclt9IpDuyHmEDDx0yA==,CoT,=FALSE(),18
gemini-1.5-flash-002,ZERIKLw91BcWYBNtBMWAclt9IpDuyHmEDDx0yA==,CoT,=FALSE(),13
gemini-1.5-flash-002,ZERIKLw91BcWYBNtBMWAclt9IpDuyHmEDDx0yA==,CoT,=FALSE(),+
gemini-1.5-flash-002,ZERIKLw91BcWYBNtBMWAclt9IpDuyHmEDDx0yA==,CoT,=FALSE(),+
gemini-1.5-flash-002,ZERIKLw91BcWYBNtBMWAclt9IpDuyHmEDDx0yA==,CoT,=FALSE(),+
gemini-1.5-flash-002,ZERIKLw91BcWYBNtBMWAclt9IpDuyHmEDDx0yA==,CoT,=FALSE(),13
gemini-1.5-flash-002,ZERIKLw91BcWYBNtBMWAclt9IpDuyHmEDDx0yA==,CoT,=FALSE(),18
gemini-1.5-flash-002,ZERIKLw91BcWYBNtBMWAclt9IpDuyHmEDDx0yA==,CoT,=FALSE(),+
gemini-1.5-flash-002,ZERIKLw91BcWYBNtBMWAclt9IpDuyHmEDDx0yA==,CoT,=FALSE(),5
gemini-1.5-flash-002,ZERIKLw91BcWYBNtBMWAclt9IpDuyHmEDDx0yA==,CoT,=FALSE(),17
gemini-1.5-flash-002,ZERIKLw91BcWYBNtBMWAclt9IpDuyHmEDDx0yA==,CoT,=FALSE(),+
gemini-1.5-flash-002,ZERIKLw91BcWYBNtBMWAclt9IpDuyHmEDDx0yA==,CoT,=FALSE(),+
gemini-1.5-flash-002,ZERIKLw91BcWYBNtBMWAclt9IpDuyHmEDDx0yA==,CoT,=FALSE(),+
gemini-1.5-flash-002,ZERIKLw91BcWYBNtBMWAclt9IpDuyHmEDDx0yA==,CoT,=FALSE(),+
gemini-1.5-flash-002,ZERIKLw91BcWYBNtBMWAclt9IpDuyHmEDDx0yA==,CoT,=FALSE(),+
gemini-1.5-flash-002,ZERIKLw91BcWYBNtBMWAclt9IpDuyHmEDDx0yA==,CoT,=FALSE(),+
gemini-1.5-flash-002,ZERIKLw91BcWYBNtBMWAclt9IpDuyHmEDDx0yA==,CoT,=FALSE(),14
gemini-1.5-flash-002,ZERIKLw91BcWYBNtBMWAclt9IpDuyHmEDDx0yA==,CoT,=FALSE(),+
gemini-1.5-flash-002,ZERIKLw91BcWYBNtBMWAclt9IpDuyHmEDDx0yA==,CoT,=FALSE(),13
gemini-1.5-flash-002,ZERIKLw91BcWYBNtBMWAclt9IpDuyHmEDDx0yA==,CoT,=FALSE(),+
gemini-1.5-flash-002,ZERIKLw91BcWYBNtBMWAclt9IpDuyHmEDDx0yA==,CoT,=FALSE(),+
gemini-1.5-flash-002,ZERIKLw91BcWYBNtBMWAclt9IpDuyHmEDDx0yA==,CoT,=FALSE(),+
gemini-1.5-flash-002,ZERIKLw91BcWYBNtBMWAclt9IpDuyHmEDDx0yA==,CoT,=FALSE(),18
gemini-1.5-flash-002,ZERIKLw91BcWYBNtBMWAclt9IpDuyHmEDDx0yA==,CoT,=FALSE(),14
gemini-1.5-flash-002,ZERIKLw91BcWYBNtBMWAclt9IpDuyHmEDDx0yA==,CoT,=FALSE(),+
gemini-1.5-flash-002,ZERIKLw91BcWYBNtBMWAclt9IpDuyHmEDDx0yA==,CoT,=FALSE(),+
gemini-1.5-flash-002,ZERIKLw91BcWYBNtBMWAclt9IpDuyHmEDDx0yA==,CoT,=FALSE(),9
gemini-1.5-flash-002,ZERIKLw91BcWYBNtBMWAclt9IpDuyHmEDDx0yA==,CoT,=FALSE(),+
gemini-1.5-flash-002,ZERIKLw91BcWYBNtBMWAclt9IpDuyHmEDDx0yA==,CoT,=FALSE(),14
gemini-1.5-flash-002,ZERIKLw91BcWYBNtBMWAclt9IpDuyHmEDDx0yA==,CoT,=FALSE(),+
gemini-1.5-flash-002,ZERIKLw91BcWYBNtBMWAclt9IpDuyHmEDDx0yA==,CoT,=FALSE(),13
gemini-1.5-flash-002,ZERIKLw91BcWYBNtBMWAclt9IpDuyHmEDDx0yA==,CoT,=FALSE(),+
gemini-1.5-flash-002,ZERIKLw91BcWYBNtBMWAclt9IpDuyHmEDDx0yA==,CoT,=FALSE(),+
gemini-1.5-flash-002,ZERIKLw91BcWYBNtBMWAclt9IpDuyHmEDDx0yA==,CoT,=FALSE(),13
gemini-1.5-flash-002,ZERIKLw91BcWYBNtBMWAclt9IpDuyHmEDDx0yA==,CoT,=FALSE(),+
gemini-1.5-flash-002,ZERIKLw91BcWYBNtBMWAclt9IpDuyHmEDDx0yA==,CoT,=FALSE(),7
gemini-1.5-flash-002,ZERIKLw91BcWYBNtBMWAclt9IpDuyHmEDDx0yA==,CoT,=FALSE(),15
gemini-1.5-flash-002,ZERIKLw91BcWYBNtBMWAclt9IpDuyHmEDDx0yA==,CoT,=FALSE(),13
gemini-1.5-flash-002,ZERIKLw91BcWYBNtBMWAclt9IpDuyHmEDDx0yA==,CoT,=FALSE(),7
gemini-1.5-flash-002,ZERIKLw91BcWYBNtBMWAclt9IpDuyHmEDDx0yA==,CoT,=FALSE(),+
gemini-1.5-flash-002,ZERIKLw91BcWYBNtBMWAclt9IpDuyHmEDDx0yA==,CoT,=FALSE(),6
gemini-1.5-flash-002,ZERIKLw91BcWYBNtBMWAclt9IpDuyHmEDDx0yA==,CoT,=FALSE(),17
gemini-1.5-flash-002,ZERIKLw91BcWYBNtBMWAclt9IpDuyHmEDDx0yA==,CoT,=FALSE(),21
gemini-1.5-flash-002,ZERIKLw91BcWYBNtBMWAclt9IpDuyHmEDDx0yA==,CoT,=FALSE(),+
gemini-1.5-flash-002,ZERIKLw91BcWYBNtBMWAclt9IpDuyHmEDDx0yA==,CoT,=FALSE(),+
gemini-1.5-flash-002,ZERIKLw91BcWYBNtBMWAclt9IpDuyHmEDDx0yA==,CoT,=FALSE(),+
gemini-1.5-flash-002,ZERIKLw91BcWYBNtBMWAclt9IpDuyHmEDDx0yA==,CoT,=FALSE(),+
gemini-1.5-flash-002,ZERIKLw91BcWYBNtBMWAclt9IpDuyHmEDDx0yA==,CoT,=FALSE(),+
gemini-1.5-flash-002,ZERIKLw91BcWYBNtBMWAclt9IpDuyHmEDDx0yA==,CoT,=FALSE(),+
gemini-1.5-flash-002,ZERIKLw91BcWYBNtBMWAclt9IpDuyHmEDDx0yA==,CoT,=FALSE(),+
gemini-1.5-flash-002,ZERIKLw91BcWYBNtBMWAclt9IpDuyHmEDDx0yA==,CoT,=FALSE(),20
gemini-1.5-flash-002,ZERIKLw91BcWYBNtBMWAclt9IpDuyHmEDDx0yA==,CoT,=FALSE(),13
gemini-1.5-flash-002,ZERIKLw91BcWYBNtBMWAclt9IpDuyHmEDDx0yA==,CoT,=FALSE(),+
gemini-1.5-flash-002,ZERIKLw91BcWYBNtBMWAclt9IpDuyHmEDDx0yA==,CoT,=FALSE(),+
gemini-1.5-flash-002,ZERIKLw91BcWYBNtBMWAclt9IpDuyHmEDDx0yA==,CoT,=FALSE(),10
gemini-1.5-flash-002,ZERIKLw91BcWYBNtBMWAclt9IpDuyHmEDDx0yA==,CoT,=FALSE(),+
gemini-1.5-flash-002,ZERIKLw91BcWYBNtBMWAclt9IpDuyHmEDDx0yA==,CoT,=FALSE(),13
gemini-1.5-flash-002,ZERIKLw91BcWYBNtBMWAclt9IpDuyHmEDDx0yA==,CoT,=FALSE(),5
gemini-1.5-flash-002,ZsmLdbeGuqIJRWi_1pUfj0g7lP4oZXMuz1t7QQ==,CoT,=FALSE(),+
gemini-1.5-flash-002,ZsmLdbeGuqIJRWi_1pUfj0g7lP4oZXMuz1t7QQ==,CoT,=FALSE(),+
gemini-1.5-flash-002,ZsmLdbeGuqIJRWi_1pUfj0g7lP4oZXMuz1t7QQ==,CoT,=FALSE(),+
gemini-1.5-flash-002,ZsmLdbeGuqIJRWi_1pUfj0g7lP4oZXMuz1t7QQ==,CoT,=FALSE(),+
gemini-1.5-flash-002,ZsmLdbeGuqIJRWi_1pUfj0g7lP4oZXMuz1t7QQ==,CoT,=FALSE(),+
gemini-1.5-flash-002,ZsmLdbeGuqIJRWi_1pUfj0g7lP4oZXMuz1t7QQ==,CoT,=FALSE(),+
gemini-1.5-flash-002,ZsmLdbeGuqIJRWi_1pUfj0g7lP4oZXMuz1t7QQ==,CoT,=FALSE(),+
gemini-1.5-flash-002,ZsmLdbeGuqIJRWi_1pUfj0g7lP4oZXMuz1t7QQ==,CoT,=FALSE(),12
gemini-1.5-flash-002,ZsmLdbeGuqIJRWi_1pUfj0g7lP4oZXMuz1t7QQ==,CoT,=FALSE(),18
gemini-1.5-flash-002,ZsmLdbeGuqIJRWi_1pUfj0g7lP4oZXMuz1t7QQ==,CoT,=FALSE(),+
gemini-1.5-flash-002,ZsmLdbeGuqIJRWi_1pUfj0g7lP4oZXMuz1t7QQ==,CoT,=FALSE(),+
gemini-1.5-flash-002,ZsmLdbeGuqIJRWi_1pUfj0g7lP4oZXMuz1t7QQ==,CoT,=FALSE(),20
gemini-1.5-flash-002,ZsmLdbeGuqIJRWi_1pUfj0g7lP4oZXMuz1t7QQ==,CoT,=FALSE(),+
gemini-1.5-flash-002,ZsmLdbeGuqIJRWi_1pUfj0g7lP4oZXMuz1t7QQ==,CoT,=FALSE(),+
gemini-1.5-flash-002,ZsmLdbeGuqIJRWi_1pUfj0g7lP4oZXMuz1t7QQ==,CoT,=FALSE(),+
gemini-1.5-flash-002,ZsmLdbeGuqIJRWi_1pUfj0g7lP4oZXMuz1t7QQ==,CoT,=FALSE(),6
gemini-1.5-flash-002,ZsmLdbeGuqIJRWi_1pUfj0g7lP4oZXMuz1t7QQ==,CoT,=FALSE(),10
gemini-1.5-flash-002,ZsmLdbeGuqIJRWi_1pUfj0g7lP4oZXMuz1t7QQ==,CoT,=FALSE(),+
gemini-1.5-flash-002,ZsmLdbeGuqIJRWi_1pUfj0g7lP4oZXMuz1t7QQ==,CoT,=FALSE(),17
gemini-1.5-flash-002,ZsmLdbeGuqIJRWi_1pUfj0g7lP4oZXMuz1t7QQ==,CoT,=FALSE(),15
gemini-1.5-flash-002,ZsmLdbeGuqIJRWi_1pUfj0g7lP4oZXMuz1t7QQ==,CoT,=FALSE(),+
gemini-1.5-flash-002,ZsmLdbeGuqIJRWi_1pUfj0g7lP4oZXMuz1t7QQ==,CoT,=FALSE(),+
gemini-1.5-flash-002,ZsmLdbeGuqIJRWi_1pUfj0g7lP4oZXMuz1t7QQ==,CoT,=FALSE(),16
gemini-1.5-flash-002,ZsmLdbeGuqIJRWi_1pUfj0g7lP4oZXMuz1t7QQ==,CoT,=FALSE(),17
gemini-1.5-flash-002,ZsmLdbeGuqIJRWi_1pUfj0g7lP4oZXMuz1t7QQ==,CoT,=FALSE(),13
gemini-1.5-flash-002,ZsmLdbeGuqIJRWi_1pUfj0g7lP4oZXMuz1t7QQ==,CoT,=FALSE(),16
gemini-1.5-flash-002,ZsmLdbeGuqIJRWi_1pUfj0g7lP4oZXMuz1t7QQ==,CoT,=FALSE(),+
gemini-1.5-flash-002,ZsmLdbeGuqIJRWi_1pUfj0g7lP4oZXMuz1t7QQ==,CoT,=FALSE(),16
gemini-1.5-flash-002,ZsmLdbeGuqIJRWi_1pUfj0g7lP4oZXMuz1t7QQ==,CoT,=FALSE(),13
gemini-1.5-flash-002,ZsmLdbeGuqIJRWi_1pUfj0g7lP4oZXMuz1t7QQ==,CoT,=FALSE(),5
gemini-1.5-flash-002,ZsmLdbeGuqIJRWi_1pUfj0g7lP4oZXMuz1t7QQ==,CoT,=FALSE(),14
gemini-1.5-flash-002,ZsmLdbeGuqIJRWi_1pUfj0g7lP4oZXMuz1t7QQ==,CoT,=FALSE(),+
gemini-1.5-flash-002,ZsmLdbeGuqIJRWi_1pUfj0g7lP4oZXMuz1t7QQ==,CoT,=FALSE(),16
gemini-1.5-flash-002,ZsmLdbeGuqIJRWi_1pUfj0g7lP4oZXMuz1t7QQ==,CoT,=FALSE(),13
gemini-1.5-flash-002,ZsmLdbeGuqIJRWi_1pUfj0g7lP4oZXMuz1t7QQ==,CoT,=FALSE(),+
gemini-1.5-flash-002,ZsmLdbeGuqIJRWi_1pUfj0g7lP4oZXMuz1t7QQ==,CoT,=FALSE(),17
gemini-1.5-flash-002,ZsmLdbeGuqIJRWi_1pUfj0g7lP4oZXMuz1t7QQ==,CoT,=FALSE(),9
gemini-1.5-flash-002,ZsmLdbeGuqIJRWi_1pUfj0g7lP4oZXMuz1t7QQ==,CoT,=FALSE(),+
gemini-1.5-flash-002,ZsmLdbeGuqIJRWi_1pUfj0g7lP4oZXMuz1t7QQ==,CoT,=FALSE(),+
gemini-1.5-flash-002,ZsmLdbeGuqIJRWi_1pUfj0g7lP4oZXMuz1t7QQ==,CoT,=FALSE(),16
gemini-1.5-flash-002,ZsmLdbeGuqIJRWi_1pUfj0g7lP4oZXMuz1t7QQ==,CoT,=FALSE(),13
gemini-1.5-flash-002,ZsmLdbeGuqIJRWi_1pUfj0g7lP4oZXMuz1t7QQ==,CoT,=FALSE(),+
gemini-1.5-flash-002,ZsmLdbeGuqIJRWi_1pUfj0g7lP4oZXMuz1t7QQ==,CoT,=FALSE(),+
gemini-1.5-flash-002,ZsmLdbeGuqIJRWi_1pUfj0g7lP4oZXMuz1t7QQ==,CoT,=FALSE(),6
gemini-1.5-flash-002,ZsmLdbeGuqIJRWi_1pUfj0g7lP4oZXMuz1t7QQ==,CoT,=FALSE(),9
gemini-1.5-flash-002,ZsmLdbeGuqIJRWi_1pUfj0g7lP4oZXMuz1t7QQ==,CoT,=FALSE(),20
gemini-1.5-flash-002,ZsmLdbeGuqIJRWi_1pUfj0g7lP4oZXMuz1t7QQ==,CoT,=FALSE(),13
gemini-1.5-flash-002,ZsmLdbeGuqIJRWi_1pUfj0g7lP4oZXMuz1t7QQ==,CoT,=FALSE(),11
gemini-1.5-flash-002,ZsmLdbeGuqIJRWi_1pUfj0g7lP4oZXMuz1t7QQ==,CoT,=FALSE(),+
gemini-1.5-flash-002,ZsmLdbeGuqIJRWi_1pUfj0g7lP4oZXMuz1t7QQ==,CoT,=FALSE(),+
gemini-1.5-flash-002,ZsmLdbeGuqIJRWi_1pUfj0g7lP4oZXMuz1t7QQ==,CoT,=FALSE(),6
gemini-1.5-flash-002,ZsmLdbeGuqIJRWi_1pUfj0g7lP4oZXMuz1t7QQ==,CoT,=FALSE(),+
gemini-1.5-flash-002,ZsmLdbeGuqIJRWi_1pUfj0g7lP4oZXMuz1t7QQ==,CoT,=FALSE(),+
gemini-1.5-flash-002,ZsmLdbeGuqIJRWi_1pUfj0g7lP4oZXMuz1t7QQ==,CoT,=FALSE(),+
gemini-1.5-flash-002,ZsmLdbeGuqIJRWi_1pUfj0g7lP4oZXMuz1t7QQ==,CoT,=FALSE(),+
gemini-1.5-flash-002,ZsmLdbeGuqIJRWi_1pUfj0g7lP4oZXMuz1t7QQ==,CoT,=FALSE(),16
gemini-1.5-flash-002,ZsmLdbeGuqIJRWi_1pUfj0g7lP4oZXMuz1t7QQ==,CoT,=FALSE(),14
gemini-1.5-flash-002,ZsmLdbeGuqIJRWi_1pUfj0g7lP4oZXMuz1t7QQ==,CoT,=FALSE(),6
gemini-1.5-flash-002,ZsmLdbeGuqIJRWi_1pUfj0g7lP4oZXMuz1t7QQ==,CoT,=FALSE(),17
gemini-1.5-flash-002,ZsmLdbeGuqIJRWi_1pUfj0g7lP4oZXMuz1t7QQ==,CoT,=FALSE(),+
gemini-1.5-flash-002,ZsmLdbeGuqIJRWi_1pUfj0g7lP4oZXMuz1t7QQ==,CoT,=FALSE(),14
gemini-1.5-flash-002,ZsmLdbeGuqIJRWi_1pUfj0g7lP4oZXMuz1t7QQ==,CoT,=FALSE(),+
gemini-1.5-flash-002,ZsmLdbeGuqIJRWi_1pUfj0g7lP4oZXMuz1t7QQ==,CoT,=FALSE(),+
gemini-1.5-flash-002,ZsmLdbeGuqIJRWi_1pUfj0g7lP4oZXMuz1t7QQ==,CoT,=FALSE(),+
gemini-1.5-flash-002,ZsmLdbeGuqIJRWi_1pUfj0g7lP4oZXMuz1t7QQ==,CoT,=FALSE(),+
gemini-1.5-flash-002,ZsmLdbeGuqIJRWi_1pUfj0g7lP4oZXMuz1t7QQ==,CoT,=FALSE(),16
gemini-1.5-flash-002,ZsmLdbeGuqIJRWi_1pUfj0g7lP4oZXMuz1t7QQ==,CoT,=FALSE(),+
gemini-1.5-flash-002,ZsmLdbeGuqIJRWi_1pUfj0g7lP4oZXMuz1t7QQ==,CoT,=FALSE(),+
gemini-1.5-flash-002,ZsmLdbeGuqIJRWi_1pUfj0g7lP4oZXMuz1t7QQ==,CoT,=FALSE(),+
gemini-1.5-flash-002,ZsmLdbeGuqIJRWi_1pUfj0g7lP4oZXMuz1t7QQ==,CoT,=FALSE(),8
gemini-1.5-flash-002,ZsmLdbeGuqIJRWi_1pUfj0g7lP4oZXMuz1t7QQ==,CoT,=FALSE(),+
gemini-1.5-flash-002,ZsmLdbeGuqIJRWi_1pUfj0g7lP4oZXMuz1t7QQ==,CoT,=FALSE(),13
gemini-1.5-flash-002,ZsmLdbeGuqIJRWi_1pUfj0g7lP4oZXMuz1t7QQ==,CoT,=FALSE(),+
gemini-1.5-flash-002,ZsmLdbeGuqIJRWi_1pUfj0g7lP4oZXMuz1t7QQ==,CoT,=FALSE(),+
gemini-1.5-flash-002,ZsmLdbeGuqIJRWi_1pUfj0g7lP4oZXMuz1t7QQ==,CoT,=FALSE(),+
gemini-1.5-flash-002,ZsmLdbeGuqIJRWi_1pUfj0g7lP4oZXMuz1t7QQ==,CoT,=FALSE(),+
gemini-1.5-flash-002,ZsmLdbeGuqIJRWi_1pUfj0g7lP4oZXMuz1t7QQ==,CoT,=FALSE(),+
gemini-1.5-flash-002,ZsmLdbeGuqIJRWi_1pUfj0g7lP4oZXMuz1t7QQ==,CoT,=FALSE(),+
gemini-1.5-flash-002,ZsmLdbeGuqIJRWi_1pUfj0g7lP4oZXMuz1t7QQ==,CoT,=FALSE(),18
gemini-1.5-flash-002,ZsmLdbeGuqIJRWi_1pUfj0g7lP4oZXMuz1t7QQ==,CoT,=FALSE(),+
gemini-1.5-flash-002,ZsmLdbeGuqIJRWi_1pUfj0g7lP4oZXMuz1t7QQ==,CoT,=FALSE(),5
gemini-1.5-flash-002,ZsmLdbeGuqIJRWi_1pUfj0g7lP4oZXMuz1t7QQ==,CoT,=FALSE(),14
gemini-1.5-flash-002,ZsmLdbeGuqIJRWi_1pUfj0g7lP4oZXMuz1t7QQ==,CoT,=FALSE(),+
gemini-1.5-flash-002,ZsmLdbeGuqIJRWi_1pUfj0g7lP4oZXMuz1t7QQ==,CoT,=FALSE(),+
gemini-1.5-flash-002,ZsmLdbeGuqIJRWi_1pUfj0g7lP4oZXMuz1t7QQ==,CoT,=FALSE(),+
gemini-1.5-flash-002,ZsmLdbeGuqIJRWi_1pUfj0g7lP4oZXMuz1t7QQ==,CoT,=FALSE(),+
gemini-1.5-flash-002,ZsmLdbeGuqIJRWi_1pUfj0g7lP4oZXMuz1t7QQ==,CoT,=FALSE(),13
gemini-1.5-flash-002,ZsmLdbeGuqIJRWi_1pUfj0g7lP4oZXMuz1t7QQ==,CoT,=FALSE(),+
gemini-1.5-flash-002,ZsmLdbeGuqIJRWi_1pUfj0g7lP4oZXMuz1t7QQ==,CoT,=FALSE(),+
gemini-1.5-flash-002,ZsmLdbeGuqIJRWi_1pUfj0g7lP4oZXMuz1t7QQ==,CoT,=FALSE(),13
gemini-1.5-flash-002,ZsmLdbeGuqIJRWi_1pUfj0g7lP4oZXMuz1t7QQ==,CoT,=FALSE(),+
gemini-1.5-flash-002,ZsmLdbeGuqIJRWi_1pUfj0g7lP4oZXMuz1t7QQ==,CoT,=FALSE(),+
gemini-1.5-flash-002,ZsmLdbeGuqIJRWi_1pUfj0g7lP4oZXMuz1t7QQ==,CoT,=FALSE(),+
gemini-1.5-flash-002,ZsmLdbeGuqIJRWi_1pUfj0g7lP4oZXMuz1t7QQ==,CoT,=FALSE(),13
gemini-1.5-flash-002,ZsmLdbeGuqIJRWi_1pUfj0g7lP4oZXMuz1t7QQ==,CoT,=FALSE(),20
gemini-1.5-flash-002,ZsmLdbeGuqIJRWi_1pUfj0g7lP4oZXMuz1t7QQ==,CoT,=FALSE(),16
gemini-1.5-flash-002,ZsmLdbeGuqIJRWi_1pUfj0g7lP4oZXMuz1t7QQ==,CoT,=FALSE(),+
gemini-1.5-flash-002,ZsmLdbeGuqIJRWi_1pUfj0g7lP4oZXMuz1t7QQ==,CoT,=FALSE(),+
gemini-1.5-flash-002,ZsmLdbeGuqIJRWi_1pUfj0g7lP4oZXMuz1t7QQ==,CoT,=FALSE(),+
gemini-1.5-flash-002,ZsmLdbeGuqIJRWi_1pUfj0g7lP4oZXMuz1t7QQ==,CoT,=FALSE(),+
